"login","cursor","starredAt"
"candalo","Y3Vyc29yOnYyOpIAzgN-nY4=","2016-5"
"RyanJST","Y3Vyc29yOnYyOpIAzgN-wAQ=","2016-5"
"RecursiveGreen","Y3Vyc29yOnYyOpIAzgN-3u4=","2016-5"
"matheusgarcez","Y3Vyc29yOnYyOpIAzgN-_qc=","2016-5"
"mblua","Y3Vyc29yOnYyOpIAzgN_M5c=","2016-5"
"theodddore","Y3Vyc29yOnYyOpIAzgODS0c=","2016-5"
"Margretor","Y3Vyc29yOnYyOpIAzgOEnFU=","2016-5"
"Codetector1374","Y3Vyc29yOnYyOpIAzgOE0Hc=","2016-5"
"HmmmQuestionMark","Y3Vyc29yOnYyOpIAzgOE0-c=","2016-5"
"iryndin","Y3Vyc29yOnYyOpIAzgOFbkI=","2016-5"
"IronyBeMyShield","Y3Vyc29yOnYyOpIAzgOHUeY=","2016-5"
"virustotalop","Y3Vyc29yOnYyOpIAzgOHZPA=","2016-5"
"extoor","Y3Vyc29yOnYyOpIAzgOIHBs=","2016-5"
"garystead","Y3Vyc29yOnYyOpIAzgONEIA=","2016-5"
"sreich","Y3Vyc29yOnYyOpIAzgONiBU=","2016-5"
"spence95","Y3Vyc29yOnYyOpIAzgONveM=","2016-5"
"galaris","Y3Vyc29yOnYyOpIAzgOQUE8=","2016-5"
"lener1987","Y3Vyc29yOnYyOpIAzgOQqMs=","2016-5"
"Koopzington","Y3Vyc29yOnYyOpIAzgOSUYg=","2016-5"
"handoing","Y3Vyc29yOnYyOpIAzgOSXw8=","2016-5"
"mrhmouse","Y3Vyc29yOnYyOpIAzgOSnGQ=","2016-5"
"Sarzorus","Y3Vyc29yOnYyOpIAzgOTVPM=","2016-5"
"shamelin","Y3Vyc29yOnYyOpIAzgOT1-8=","2016-5"
"Zireael07","Y3Vyc29yOnYyOpIAzgOT3LA=","2016-5"
"kimar","Y3Vyc29yOnYyOpIAzgOVn7E=","2016-5"
"ammachado","Y3Vyc29yOnYyOpIAzgOZeV8=","2016-6"
"audacioustux","Y3Vyc29yOnYyOpIAzgOafwg=","2016-6"
"fordcars","Y3Vyc29yOnYyOpIAzgOctg0=","2016-6"
"ecumene","Y3Vyc29yOnYyOpIAzgOeqcY=","2016-6"
"memilian","Y3Vyc29yOnYyOpIAzgOfi7k=","2016-6"
"agucova","Y3Vyc29yOnYyOpIAzgOhFCE=","2016-6"
"reppolice","Y3Vyc29yOnYyOpIAzgOh3b8=","2016-6"
"Avi0n","Y3Vyc29yOnYyOpIAzgOlT4c=","2016-6"
"kongque","Y3Vyc29yOnYyOpIAzgOluiQ=","2016-6"
"iximiuz","Y3Vyc29yOnYyOpIAzgOqN9c=","2016-6"
"dadrox","Y3Vyc29yOnYyOpIAzgOqQgM=","2016-6"
"davidkey","Y3Vyc29yOnYyOpIAzgOrN6I=","2016-6"
"souravsingh","Y3Vyc29yOnYyOpIAzgOr8pU=","2016-6"
"SaphirePhenux","Y3Vyc29yOnYyOpIAzgOtyvU=","2016-6"
"m1c0l","Y3Vyc29yOnYyOpIAzgOuYME=","2016-6"
"m0k1","Y3Vyc29yOnYyOpIAzgOvLTM=","2016-6"
"badalgeek","Y3Vyc29yOnYyOpIAzgOvVvc=","2016-6"
"nnnn20430","Y3Vyc29yOnYyOpIAzgOwVjs=","2016-6"
"Amirroracle","Y3Vyc29yOnYyOpIAzgOwW-c=","2016-6"
"dualmal","Y3Vyc29yOnYyOpIAzgOwwvQ=","2016-6"
"knazir","Y3Vyc29yOnYyOpIAzgOxCuw=","2016-6"
"charliebruce","Y3Vyc29yOnYyOpIAzgOxsuE=","2016-6"
"Getron","Y3Vyc29yOnYyOpIAzgOyts4=","2016-6"
"YoCoDev","Y3Vyc29yOnYyOpIAzgOzdeo=","2016-6"
"dags-","Y3Vyc29yOnYyOpIAzgO01ZY=","2016-6"
"murenkov","Y3Vyc29yOnYyOpIAzgO1-Ow=","2016-6"
"nenodias","Y3Vyc29yOnYyOpIAzgO2H3A=","2016-6"
"myedibleenso","Y3Vyc29yOnYyOpIAzgO5LYs=","2016-7"
"manoharprabhu","Y3Vyc29yOnYyOpIAzgO6ick=","2016-7"
"yuanl","Y3Vyc29yOnYyOpIAzgO7uFg=","2016-7"
"nvanmeurs","Y3Vyc29yOnYyOpIAzgO8QYQ=","2016-7"
"Gold-Vibes","Y3Vyc29yOnYyOpIAzgO8WO4=","2016-7"
"VirtuosoChris","Y3Vyc29yOnYyOpIAzgO9rCg=","2016-7"
"aaron-HackRVA","Y3Vyc29yOnYyOpIAzgO_QF4=","2016-7"
"zhaodj","Y3Vyc29yOnYyOpIAzgO_X2o=","2016-7"
"wolfg1969","Y3Vyc29yOnYyOpIAzgPAVHM=","2016-7"
"FortressBuilder","Y3Vyc29yOnYyOpIAzgPAb20=","2016-7"
"Wqrld","Y3Vyc29yOnYyOpIAzgPBRS0=","2016-7"
"taesiri","Y3Vyc29yOnYyOpIAzgPCzBE=","2016-7"
"paulrosania","Y3Vyc29yOnYyOpIAzgPIyT0=","2016-7"
"sektek","Y3Vyc29yOnYyOpIAzgPKenY=","2016-7"
"Idonoghue","Y3Vyc29yOnYyOpIAzgPLHzk=","2016-7"
"sdeancos","Y3Vyc29yOnYyOpIAzgPNCFM=","2016-7"
"bhupendra-bhudia","Y3Vyc29yOnYyOpIAzgPOcKM=","2016-7"
"ash626","Y3Vyc29yOnYyOpIAzgPOcjE=","2016-7"
"fabio-t","Y3Vyc29yOnYyOpIAzgPP18Y=","2016-7"
"speedsticko","Y3Vyc29yOnYyOpIAzgPP6FE=","2016-7"
"Tym17","Y3Vyc29yOnYyOpIAzgPQrUA=","2016-7"
"lesguillemets","Y3Vyc29yOnYyOpIAzgPRmKs=","2016-7"
"mr-dodd","Y3Vyc29yOnYyOpIAzgPSjqw=","2016-7"
"jacob-doll","Y3Vyc29yOnYyOpIAzgPTFbg=","2016-7"
"Phalanxia","Y3Vyc29yOnYyOpIAzgPTwnw=","2016-7"
"iZastic","Y3Vyc29yOnYyOpIAzgPU0bM=","2016-7"
"Henningstone","Y3Vyc29yOnYyOpIAzgPVOGA=","2016-7"
"harsh159357","Y3Vyc29yOnYyOpIAzgPVReI=","2016-7"
"mrmichaelgallen","Y3Vyc29yOnYyOpIAzgPXCac=","2016-7"
"lotsofluna","Y3Vyc29yOnYyOpIAzgPXTWA=","2016-7"
"WildWeazel","Y3Vyc29yOnYyOpIAzgPYHaY=","2016-7"
"Kneelawk","Y3Vyc29yOnYyOpIAzgPaCTQ=","2016-8"
"nnsdev","Y3Vyc29yOnYyOpIAzgPaiWM=","2016-8"
"kholyphoenix1","Y3Vyc29yOnYyOpIAzgPas9g=","2016-8"
"hugoabonizio","Y3Vyc29yOnYyOpIAzgPb0gk=","2016-8"
"LukeMurphey","Y3Vyc29yOnYyOpIAzgPdycI=","2016-8"
"karmakomik","Y3Vyc29yOnYyOpIAzgPer_U=","2016-8"
"dstelow","Y3Vyc29yOnYyOpIAzgPe7SQ=","2016-8"
"engiValk","Y3Vyc29yOnYyOpIAzgPgv60=","2016-8"
"callumW","Y3Vyc29yOnYyOpIAzgPhCCA=","2016-8"
"ppicazo","Y3Vyc29yOnYyOpIAzgPhaV4=","2016-8"
"Ulfu","Y3Vyc29yOnYyOpIAzgPmd2Y=","2016-8"
"WBittner","Y3Vyc29yOnYyOpIAzgPpN7A=","2016-8"
"Oskitar1981","Y3Vyc29yOnYyOpIAzgPpXuc=","2016-8"
"shaka-b","Y3Vyc29yOnYyOpIAzgPrLA4=","2016-8"
"GoogilyBoogily","Y3Vyc29yOnYyOpIAzgPrZIY=","2016-8"
"LoneWolfx","Y3Vyc29yOnYyOpIAzgPsysk=","2016-8"
"ynx0","Y3Vyc29yOnYyOpIAzgPwG7U=","2016-8"
