['cursor'],['login'],['starredAt']
Y3Vyc29yOnYyOpIAzgADg98=,clim,2011-12
Y3Vyc29yOnYyOpIAzgAQJlU=,arvindcg,2011-12
Y3Vyc29yOnYyOpIAzgAgvig=,jeromebenois,2011-12
Y3Vyc29yOnYyOpIAzgApsLA=,cwash,2011-12
Y3Vyc29yOnYyOpIAzgAp9hE=,fabienkruba,2011-12
Y3Vyc29yOnYyOpIAzgAwcB8=,xarion,2011-12
Y3Vyc29yOnYyOpIAzgA2Fuw=,aaron8tang,2011-12
Y3Vyc29yOnYyOpIAzgA4Aw8=,rubypdf,2011-12
Y3Vyc29yOnYyOpIAzgA9tCg=,alanchristensen,2011-12
Y3Vyc29yOnYyOpIAzgBByHI=,ritchiem,2011-12
Y3Vyc29yOnYyOpIAzgBDaTE=,jlaker,2011-12
Y3Vyc29yOnYyOpIAzgBGB9g=,jrdalpra,2011-12
Y3Vyc29yOnYyOpIAzgBGQbA=,giovannilt,2011-12
Y3Vyc29yOnYyOpIAzgBOKBM=,dchapkine,2011-12
Y3Vyc29yOnYyOpIAzgBOOFo=,ludochane,2011-12
Y3Vyc29yOnYyOpIAzgBOvfA=,mathiasconradt,2011-12
Y3Vyc29yOnYyOpIAzgBOyS0=,Filirom1,2011-12
Y3Vyc29yOnYyOpIAzgBO9Hw=,GregDake,2011-12
Y3Vyc29yOnYyOpIAzgBVbOg=,tsipo,2011-12
Y3Vyc29yOnYyOpIAzgBVjy4=,galak-fyyar,2011-12
Y3Vyc29yOnYyOpIAzgBX49w=,vidakovic,2011-12
Y3Vyc29yOnYyOpIAzgBYmzk=,audionom,2011-12
Y3Vyc29yOnYyOpIAzgBbRiI=,erimerturk,2011-12
Y3Vyc29yOnYyOpIAzgBck_8=,otaviofff,2011-12
Y3Vyc29yOnYyOpIAzgBghLY=,tedchoward,2011-12
Y3Vyc29yOnYyOpIAzgBhHtc=,tantchontampo,2011-12
Y3Vyc29yOnYyOpIAzgBjqww=,bpinel,2011-12
Y3Vyc29yOnYyOpIAzgBkk3c=,l15k4,2011-12
Y3Vyc29yOnYyOpIAzgBkpwU=,seungbeomi,2011-12
Y3Vyc29yOnYyOpIAzgBlNRg=,malston,2011-12
Y3Vyc29yOnYyOpIAzgBlPkY=,arief-hidayat,2011-12
Y3Vyc29yOnYyOpIAzgBo9CU=,esimionato,2011-12
Y3Vyc29yOnYyOpIAzgBs7Vk=,ebusyness,2011-12
Y3Vyc29yOnYyOpIAzgBt-Lg=,cosmonova,2011-12
Y3Vyc29yOnYyOpIAzgBvGtc=,rafuzo,2011-12
Y3Vyc29yOnYyOpIAzgBxbis=,korn-kutan,2011-12
Y3Vyc29yOnYyOpIAzgBxmPw=,ScottBelnap,2011-12
Y3Vyc29yOnYyOpIAzgByrl8=,wvuong,2011-12
Y3Vyc29yOnYyOpIAzgBy3Vk=,kevkirkpatrick,2011-12
Y3Vyc29yOnYyOpIAzgBy9AQ=,dmartinpro,2011-12
Y3Vyc29yOnYyOpIAzgBzkVM=,tree33333,2011-12
Y3Vyc29yOnYyOpIAzgBz6lU=,tranminhan,2011-12
Y3Vyc29yOnYyOpIAzgB1t8Q=,iroma,2011-12
Y3Vyc29yOnYyOpIAzgB14Tc=,aruder77,2011-12
Y3Vyc29yOnYyOpIAzgB1-gw=,sangamsingh,2011-12
Y3Vyc29yOnYyOpIAzgB40oc=,lecomelli,2011-12
Y3Vyc29yOnYyOpIAzgB5CMM=,kelveny,2011-12
Y3Vyc29yOnYyOpIAzgB6isY=,lsiu,2011-12
Y3Vyc29yOnYyOpIAzgB61Ig=,linuxidefix,2011-12
Y3Vyc29yOnYyOpIAzgB800Q=,apazzolini,2011-12
Y3Vyc29yOnYyOpIAzgB-AcA=,DigitalLexicon,2011-12
Y3Vyc29yOnYyOpIAzgB-x9g=,not4nix,2011-12
Y3Vyc29yOnYyOpIAzgB-3vA=,charlesarun,2011-12
Y3Vyc29yOnYyOpIAzgCAa3E=,rimmontrieu,2011-12
Y3Vyc29yOnYyOpIAzgCC7Ts=,saurabhshastri,2011-12
Y3Vyc29yOnYyOpIAzgCERuQ=,plutext,2011-12
Y3Vyc29yOnYyOpIAzgCEtlc=,nchandra,2011-12
Y3Vyc29yOnYyOpIAzgCEyeU=,lrkwz,2011-12
Y3Vyc29yOnYyOpIAzgCG9ss=,jonasyuandotcom,2011-12
Y3Vyc29yOnYyOpIAzgCHfXk=,cobicobi,2011-12
Y3Vyc29yOnYyOpIAzgCIq0s=,jevonearth,2011-12
Y3Vyc29yOnYyOpIAzgCLEI0=,munnja001,2011-12
Y3Vyc29yOnYyOpIAzgCMYoA=,jrodalo,2011-12
Y3Vyc29yOnYyOpIAzgCMcdk=,munitras,2011-12
Y3Vyc29yOnYyOpIAzgCM66I=,jefffischer,2011-12
Y3Vyc29yOnYyOpIAzgCNDnE=,elbertbautista,2011-12
Y3Vyc29yOnYyOpIAzgCNiiM=,mustafatasli,2011-12
Y3Vyc29yOnYyOpIAzgCQcho=,kerler,2011-12
Y3Vyc29yOnYyOpIAzgCRxZw=,john99jacobs,2012-1
Y3Vyc29yOnYyOpIAzgCSBiw=,nsteffan,2012-1
Y3Vyc29yOnYyOpIAzgCSjmY=,thezaphod,2012-1
Y3Vyc29yOnYyOpIAzgCTFSg=,elaatifi,2012-1
Y3Vyc29yOnYyOpIAzgCTInw=,Rushit,2012-1
Y3Vyc29yOnYyOpIAzgCUrRQ=,bakarep,2012-2
Y3Vyc29yOnYyOpIAzgCWJuc=,dipalis,2012-2
Y3Vyc29yOnYyOpIAzgCWPx0=,soungno,2012-2
Y3Vyc29yOnYyOpIAzgCWtyw=,karandey,2012-3
Y3Vyc29yOnYyOpIAzgCW1wQ=,smartsquare,2012-3
Y3Vyc29yOnYyOpIAzgCW2Os=,adityakum,2012-3
Y3Vyc29yOnYyOpIAzgCX7rM=,Pr0TuX,2012-3
Y3Vyc29yOnYyOpIAzgCYDz4=,codestream,2012-3
Y3Vyc29yOnYyOpIAzgCYJbI=,matheuswebbh,2012-3
Y3Vyc29yOnYyOpIAzgCYmuI=,madhukarreddy,2012-3
Y3Vyc29yOnYyOpIAzgCYseA=,hejunion,2012-3
Y3Vyc29yOnYyOpIAzgCZiVs=,IgnatiuesCharlesArun,2012-4
Y3Vyc29yOnYyOpIAzgCbQDE=,rafaelbarbosa,2012-4
Y3Vyc29yOnYyOpIAzgCbzLM=,marcdegen,2012-4
Y3Vyc29yOnYyOpIAzgCcAws=,nevrget,2012-4
Y3Vyc29yOnYyOpIAzgCd8io=,tjava7,2012-5
Y3Vyc29yOnYyOpIAzgCeYVk=,nardras,2012-5
Y3Vyc29yOnYyOpIAzgCek_k=,simerplaha,2012-5
Y3Vyc29yOnYyOpIAzgCgpjA=,zetahernandez,2012-6
Y3Vyc29yOnYyOpIAzgChFHg=,jagarciaamaranto,2012-6
Y3Vyc29yOnYyOpIAzgChFnA=,developer-inside,2012-6
Y3Vyc29yOnYyOpIAzgChGHA=,liuhaidon99,2012-6
Y3Vyc29yOnYyOpIAzgCif7Q=,mathiru,2012-7
Y3Vyc29yOnYyOpIAzgCijOE=,brookallen,2012-7
Y3Vyc29yOnYyOpIAzgCilCI=,jyskit,2012-7
Y3Vyc29yOnYyOpIAzgCjWgI=,manjitjohal,2012-8
Y3Vyc29yOnYyOpIAzgCjX8E=,rtananthan,2012-8
Y3Vyc29yOnYyOpIAzgCjdNI=,geethanandh,2012-8
Y3Vyc29yOnYyOpIAzgCj7bc=,ddelizia,2012-9
Y3Vyc29yOnYyOpIAzgCkC4A=,c0nscience,2012-9
Y3Vyc29yOnYyOpIAzgCkWCA=,sivayapps,2012-9
Y3Vyc29yOnYyOpIAzgCkb9Q=,dcucchietti,2012-9
Y3Vyc29yOnYyOpIAzgCl4AE=,laryan,2013-1
Y3Vyc29yOnYyOpIAzgCmH3c=,hantsy,2013-2
Y3Vyc29yOnYyOpIAzgCmb60=,killersite,2013-2
Y3Vyc29yOnYyOpIAzgCo2Tw=,cwnuzj,2013-2
Y3Vyc29yOnYyOpIAzgCpA2E=,adelC,2013-2
Y3Vyc29yOnYyOpIAzgCqk6E=,th3sly,2013-2
Y3Vyc29yOnYyOpIAzgCqzuE=,juneym,2013-2
Y3Vyc29yOnYyOpIAzgCrE8c=,misaure,2013-2
Y3Vyc29yOnYyOpIAzgCr8mk=,avalue,2013-3
Y3Vyc29yOnYyOpIAzgCwkI8=,Hanske1967,2013-3
Y3Vyc29yOnYyOpIAzgCw718=,etavi,2013-3
Y3Vyc29yOnYyOpIAzgCxcqg=,leizhang,2013-3
Y3Vyc29yOnYyOpIAzgCyc1g=,fmbenhassine,2013-3
Y3Vyc29yOnYyOpIAzgC06vU=,cndkhuong,2013-4
Y3Vyc29yOnYyOpIAzgC1E2w=,write2munish,2013-4
Y3Vyc29yOnYyOpIAzgC162w=,atiw003,2013-4
Y3Vyc29yOnYyOpIAzgC2h2Y=,zfc827,2013-4
Y3Vyc29yOnYyOpIAzgC33fk=,gerardoperez132,2013-4
Y3Vyc29yOnYyOpIAzgC4nwg=,heyomi,2013-4
Y3Vyc29yOnYyOpIAzgC4p-M=,rdanilin,2013-4
Y3Vyc29yOnYyOpIAzgC8tLk=,toniprada,2013-4
Y3Vyc29yOnYyOpIAzgC_iR4=,louiseliu,2013-5
Y3Vyc29yOnYyOpIAzgDA0t8=,parzonka,2013-5
Y3Vyc29yOnYyOpIAzgDCyBI=,joseluis1010,2013-5
Y3Vyc29yOnYyOpIAzgDFSLY=,firateren52,2013-5
Y3Vyc29yOnYyOpIAzgDGE4w=,antoniosilveira,2013-5
Y3Vyc29yOnYyOpIAzgDHAbc=,mohanraj-nagasamy,2013-5
Y3Vyc29yOnYyOpIAzgDLOdM=,sbojchuk,2013-6
Y3Vyc29yOnYyOpIAzgDOL_A=,Mikodes,2013-6
Y3Vyc29yOnYyOpIAzgDOuXE=,cbhandsun,2013-6
Y3Vyc29yOnYyOpIAzgDO1DY=,tmp2000,2013-6
Y3Vyc29yOnYyOpIAzgDPCe4=,LeeKemp,2013-6
Y3Vyc29yOnYyOpIAzgDQJ30=,shamex,2013-7
Y3Vyc29yOnYyOpIAzgDQUSA=,joshua60,2013-7
Y3Vyc29yOnYyOpIAzgDRiDY=,Swayam-Agrawal,2013-7
Y3Vyc29yOnYyOpIAzgDUeKk=,smaragda,2013-7
Y3Vyc29yOnYyOpIAzgDXEYY=,ajthebard,2013-7
Y3Vyc29yOnYyOpIAzgDXF6g=,dborisenko,2013-7
Y3Vyc29yOnYyOpIAzgDXO_Q=,Psyborx,2013-7
Y3Vyc29yOnYyOpIAzgDZfb0=,arttuladhar,2013-7
Y3Vyc29yOnYyOpIAzgDZsl0=,wmlong,2013-7
Y3Vyc29yOnYyOpIAzgDaUOo=,openmandragora,2013-8
Y3Vyc29yOnYyOpIAzgDbuK4=,rohan-s-raju,2013-8
Y3Vyc29yOnYyOpIAzgDca3k=,tntim96,2013-8
Y3Vyc29yOnYyOpIAzgDc3EU=,zhaojc,2013-8
Y3Vyc29yOnYyOpIAzgDgWp8=,seralf,2013-8
Y3Vyc29yOnYyOpIAzgDg0bI=,fengyueqiao,2013-8
Y3Vyc29yOnYyOpIAzgDh0AI=,daniellavoie,2013-8
Y3Vyc29yOnYyOpIAzgDh-cc=,vivekjuneja,2013-8
Y3Vyc29yOnYyOpIAzgDiEYk=,deanmas,2013-8
Y3Vyc29yOnYyOpIAzgDiMaE=,emrahsari,2013-8
Y3Vyc29yOnYyOpIAzgDlExI=,prettner,2013-9
Y3Vyc29yOnYyOpIAzgDmoPk=,padrinstefano,2013-9
Y3Vyc29yOnYyOpIAzgDmuWI=,naresh0716,2013-9
Y3Vyc29yOnYyOpIAzgDoFfs=,ravimandli,2013-9
Y3Vyc29yOnYyOpIAzgDo6J8=,sairion,2013-9
Y3Vyc29yOnYyOpIAzgDrW5Y=,sebastien-ma,2013-9
Y3Vyc29yOnYyOpIAzgDvMPg=,airuqixue,2013-10
Y3Vyc29yOnYyOpIAzgDvrus=,linylzyzh123,2013-10
Y3Vyc29yOnYyOpIAzgDwv-A=,liweinan0423,2013-10
Y3Vyc29yOnYyOpIAzgDxmts=,superborges,2013-10
Y3Vyc29yOnYyOpIAzgD0VaE=,payamohajeri,2013-10
Y3Vyc29yOnYyOpIAzgD0hrc=,farbod-s,2013-10
Y3Vyc29yOnYyOpIAzgD0vFE=,liuyf,2013-10
Y3Vyc29yOnYyOpIAzgD2WfU=,franklu918,2013-10
Y3Vyc29yOnYyOpIAzgD2bTo=,impondesk,2013-10
Y3Vyc29yOnYyOpIAzgD3OAw=,kbsbroad,2013-10
Y3Vyc29yOnYyOpIAzgD3v2A=,threeapples307,2013-10
Y3Vyc29yOnYyOpIAzgD313E=,edgedalmacio,2013-10
Y3Vyc29yOnYyOpIAzgD5t-4=,hyysguyang,2013-10
Y3Vyc29yOnYyOpIAzgD5viw=,TsGenesis,2013-10
Y3Vyc29yOnYyOpIAzgD6gj4=,CoreaNim,2013-11
Y3Vyc29yOnYyOpIAzgD7TuA=,Coalas,2013-11
Y3Vyc29yOnYyOpIAzgD80v4=,szhang7,2013-11
Y3Vyc29yOnYyOpIAzgD9yqE=,elfodenoche,2013-11
Y3Vyc29yOnYyOpIAzgD-uHA=,tutysara,2013-11
Y3Vyc29yOnYyOpIAzgD_KVI=,jaryhjz,2013-11
Y3Vyc29yOnYyOpIAzgD_gPs=,alxbrd,2013-11
Y3Vyc29yOnYyOpIAzgEAUnk=,acucu,2013-11
Y3Vyc29yOnYyOpIAzgEDG-w=,cDoru,2013-11
Y3Vyc29yOnYyOpIAzgEDKck=,dashingly,2013-11
Y3Vyc29yOnYyOpIAzgEGeOw=,thaiphan,2013-12
Y3Vyc29yOnYyOpIAzgEGppQ=,attomsoft,2013-12
Y3Vyc29yOnYyOpIAzgEG5N4=,flyyou,2013-12
Y3Vyc29yOnYyOpIAzgEH1PQ=,gelnyang,2013-12
Y3Vyc29yOnYyOpIAzgEIi0A=,dMitin,2013-12
Y3Vyc29yOnYyOpIAzgEIyao=,shanexu,2013-12
Y3Vyc29yOnYyOpIAzgELNLQ=,clarson99,2013-12
Y3Vyc29yOnYyOpIAzgELpys=,wenxiangtune,2013-12
Y3Vyc29yOnYyOpIAzgEL0KM=,alexeos,2013-12
Y3Vyc29yOnYyOpIAzgEMMGo=,zaheershaik4u181,2013-12
Y3Vyc29yOnYyOpIAzgENbNI=,kylehuang,2013-12
Y3Vyc29yOnYyOpIAzgEPEbs=,balazstar,2013-12
Y3Vyc29yOnYyOpIAzgEPMVo=,nile,2013-12
Y3Vyc29yOnYyOpIAzgESjOc=,wenzhihong2003,2014-1
Y3Vyc29yOnYyOpIAzgETaok=,byousri,2014-1
Y3Vyc29yOnYyOpIAzgEU80k=,samspycher,2014-1
Y3Vyc29yOnYyOpIAzgEV8yU=,shunwang,2014-1
Y3Vyc29yOnYyOpIAzgEX9mM=,letenkov,2014-1
Y3Vyc29yOnYyOpIAzgEZSiM=,gabais,2014-1
Y3Vyc29yOnYyOpIAzgEbH4Y=,kalistace,2014-1
Y3Vyc29yOnYyOpIAzgEcRSE=,kumarsuren,2014-1
Y3Vyc29yOnYyOpIAzgEeqeE=,mishra-ankit,2014-2
Y3Vyc29yOnYyOpIAzgEgOO0=,codingDT,2014-2
Y3Vyc29yOnYyOpIAzgEgwio=,simonjenga,2014-2
Y3Vyc29yOnYyOpIAzgEiVsY=,krishnaarava,2014-2
Y3Vyc29yOnYyOpIAzgEj84g=,bhargav91,2014-2
Y3Vyc29yOnYyOpIAzgEkRBQ=,Wlanez,2014-2
Y3Vyc29yOnYyOpIAzgElYGc=,velmuruganvelayutham,2014-2
Y3Vyc29yOnYyOpIAzgEmC2Y=,wiloon,2014-2
Y3Vyc29yOnYyOpIAzgEmOnA=,gilluan,2014-2
Y3Vyc29yOnYyOpIAzgEmmwk=,devalexsales,2014-2
Y3Vyc29yOnYyOpIAzgEnNxQ=,smola,2014-2
Y3Vyc29yOnYyOpIAzgEnN8E=,epochcoder,2014-2
Y3Vyc29yOnYyOpIAzgEslr0=,adi-devops,2014-3
Y3Vyc29yOnYyOpIAzgEs3nY=,qcy1121,2014-3
Y3Vyc29yOnYyOpIAzgEuJd8=,jiman94,2014-3
Y3Vyc29yOnYyOpIAzgEvyao=,andre-campos,2014-3
Y3Vyc29yOnYyOpIAzgEyDME=,mLindvall,2014-3
Y3Vyc29yOnYyOpIAzgE0wTU=,kreuzman,2014-3
Y3Vyc29yOnYyOpIAzgE1UIc=,destan,2014-3
Y3Vyc29yOnYyOpIAzgE1vZg=,dllen,2014-3
Y3Vyc29yOnYyOpIAzgE2EyY=,jeans,2014-3
Y3Vyc29yOnYyOpIAzgE2TtM=,jaguililla,2014-3
Y3Vyc29yOnYyOpIAzgE4RRE=,jampajeen,2014-3
Y3Vyc29yOnYyOpIAzgE4304=,lijinglue,2014-3
Y3Vyc29yOnYyOpIAzgE8e9Q=,davidzchen,2014-4
Y3Vyc29yOnYyOpIAzgE8wo4=,1in9ui5t,2014-4
Y3Vyc29yOnYyOpIAzgE-nzI=,tuddman,2014-4
Y3Vyc29yOnYyOpIAzgE_8AU=,hussar,2014-4
Y3Vyc29yOnYyOpIAzgFAvkY=,ahlon,2014-4
Y3Vyc29yOnYyOpIAzgFA3eM=,yetkinozturk,2014-4
Y3Vyc29yOnYyOpIAzgFCl2s=,robertmircea,2014-4
Y3Vyc29yOnYyOpIAzgFGHtE=,canwe,2014-4
Y3Vyc29yOnYyOpIAzgFHgxg=,RapidTransit,2014-4
Y3Vyc29yOnYyOpIAzgFLYt8=,feribg,2014-5
Y3Vyc29yOnYyOpIAzgFN73A=,shaman2009,2014-5
Y3Vyc29yOnYyOpIAzgFP1iI=,saturation,2014-5
Y3Vyc29yOnYyOpIAzgFP9yg=,ohjongin,2014-5
Y3Vyc29yOnYyOpIAzgFSEvU=,anibalgomezprojects,2014-5
Y3Vyc29yOnYyOpIAzgFSMB4=,anjingxz,2014-5
Y3Vyc29yOnYyOpIAzgFSYpE=,boqodo,2014-5
Y3Vyc29yOnYyOpIAzgFTIUE=,adi3009,2014-5
Y3Vyc29yOnYyOpIAzgFTfVc=,doggie1989,2014-5
Y3Vyc29yOnYyOpIAzgFU3IA=,soaringgao,2014-5
Y3Vyc29yOnYyOpIAzgFWosk=,xieco,2014-5
Y3Vyc29yOnYyOpIAzgFWwoA=,jianyking,2014-5
Y3Vyc29yOnYyOpIAzgFXJVA=,xuye,2014-5
Y3Vyc29yOnYyOpIAzgFZ0XM=,zeng200103,2014-6
Y3Vyc29yOnYyOpIAzgFcqTI=,imfangs,2014-6
Y3Vyc29yOnYyOpIAzgFc0eI=,fargac,2014-6
Y3Vyc29yOnYyOpIAzgFeXy4=,nhsoft,2014-6
Y3Vyc29yOnYyOpIAzgFftbk=,denylsonmelo,2014-6
Y3Vyc29yOnYyOpIAzgFhICs=,daqe,2014-6
Y3Vyc29yOnYyOpIAzgFhcio=,alch,2014-6
Y3Vyc29yOnYyOpIAzgFhd0I=,hacfi,2014-6
Y3Vyc29yOnYyOpIAzgFhkgw=,Yachironi,2014-6
Y3Vyc29yOnYyOpIAzgFiRsE=,lichdb,2014-6
Y3Vyc29yOnYyOpIAzgFijKw=,sfoolish,2014-6
Y3Vyc29yOnYyOpIAzgFjWz0=,enathaniel,2014-6
Y3Vyc29yOnYyOpIAzgFjW0M=,evankikie,2014-6
Y3Vyc29yOnYyOpIAzgFj2x8=,hlapidez,2014-6
Y3Vyc29yOnYyOpIAzgFmCfw=,macanderson,2014-6
Y3Vyc29yOnYyOpIAzgFoQm8=,muhfred,2014-7
Y3Vyc29yOnYyOpIAzgFra_8=,wsakaren,2014-7
Y3Vyc29yOnYyOpIAzgFsWGA=,lgazo,2014-7
Y3Vyc29yOnYyOpIAzgFttBo=,jlutteringer,2014-7
Y3Vyc29yOnYyOpIAzgFtxIY=,shann09,2014-7
Y3Vyc29yOnYyOpIAzgFuVdM=,xinglangmama,2014-7
Y3Vyc29yOnYyOpIAzgFvG08=,yankay,2014-7
Y3Vyc29yOnYyOpIAzgFv4LE=,joydeeph,2014-7
Y3Vyc29yOnYyOpIAzgFwGSw=,FashtimeDotCom,2014-7
Y3Vyc29yOnYyOpIAzgF0gOM=,regcole,2014-7
Y3Vyc29yOnYyOpIAzgF2k9g=,vkscorpio3,2014-7
Y3Vyc29yOnYyOpIAzgF22jE=,gengzhengtao,2014-7
Y3Vyc29yOnYyOpIAzgF35o4=,CarLoz10,2014-8
Y3Vyc29yOnYyOpIAzgF4Ks0=,simonaco,2014-8
Y3Vyc29yOnYyOpIAzgF4QgQ=,brdloush,2014-8
Y3Vyc29yOnYyOpIAzgF8DpI=,cseabra,2014-8
Y3Vyc29yOnYyOpIAzgF8Urk=,SonyGeorge,2014-8
Y3Vyc29yOnYyOpIAzgGA5YY=,mariusrugan,2014-8
Y3Vyc29yOnYyOpIAzgGEIPE=,nagpach,2014-8
Y3Vyc29yOnYyOpIAzgGEmAU=,ooscarr,2014-8
Y3Vyc29yOnYyOpIAzgGFwu0=,van5150,2014-8
Y3Vyc29yOnYyOpIAzgGF2x8=,mohanarpit,2014-8
Y3Vyc29yOnYyOpIAzgGGRCs=,avilbopalia,2014-8
Y3Vyc29yOnYyOpIAzgGHd2Q=,egovconcepts,2014-8
Y3Vyc29yOnYyOpIAzgGLfPo=,ldangelo,2014-9
Y3Vyc29yOnYyOpIAzgGMBfc=,xiangyu,2014-9
Y3Vyc29yOnYyOpIAzgGNtrY=,kwon37xi,2014-9
Y3Vyc29yOnYyOpIAzgGN0cc=,vphilipnyc,2014-9
Y3Vyc29yOnYyOpIAzgGODOg=,ceefour,2014-9
Y3Vyc29yOnYyOpIAzgGRQqY=,dfpomeroy,2014-9
Y3Vyc29yOnYyOpIAzgGRv1U=,hatanagayasu,2014-9
Y3Vyc29yOnYyOpIAzgGSxn0=,guoruanfy,2014-9
Y3Vyc29yOnYyOpIAzgGTHPs=,Jodoo,2014-9
Y3Vyc29yOnYyOpIAzgGTd4M=,winterdl,2014-9
Y3Vyc29yOnYyOpIAzgGTk6I=,tonym2105,2014-9
Y3Vyc29yOnYyOpIAzgGUNV4=,AndreasKl,2014-9
Y3Vyc29yOnYyOpIAzgGUWig=,AndersDJohnson,2014-9
Y3Vyc29yOnYyOpIAzgGUfGA=,vvz,2014-9
Y3Vyc29yOnYyOpIAzgGXUJo=,tiagovt,2014-9
Y3Vyc29yOnYyOpIAzgGXv6Y=,ejemba,2014-9
Y3Vyc29yOnYyOpIAzgGa9Tk=,jpukg,2014-10
Y3Vyc29yOnYyOpIAzgGdP8A=,MrCsabaToth,2014-10
Y3Vyc29yOnYyOpIAzgGeGwU=,asaptechnology,2014-10
Y3Vyc29yOnYyOpIAzgGgBbI=,rickyinnz,2014-10
Y3Vyc29yOnYyOpIAzgGgnfY=,ragunathjawahar,2014-10
Y3Vyc29yOnYyOpIAzgGgt78=,djalexd,2014-10
Y3Vyc29yOnYyOpIAzgGhfdo=,mercer,2014-10
Y3Vyc29yOnYyOpIAzgGiXLI=,wongoo,2014-10
Y3Vyc29yOnYyOpIAzgGjRZU=,n0mer,2014-10
Y3Vyc29yOnYyOpIAzgGk8Vs=,bvp,2014-10
Y3Vyc29yOnYyOpIAzgGlf9Y=,supaket,2014-10
Y3Vyc29yOnYyOpIAzgGtAmM=,justinscript,2014-11
Y3Vyc29yOnYyOpIAzgGtUhU=,honwhy,2014-11
Y3Vyc29yOnYyOpIAzgGve7U=,meddah,2014-11
Y3Vyc29yOnYyOpIAzgGvzwk=,devsejong,2014-11
Y3Vyc29yOnYyOpIAzgGwrG4=,damifan,2014-11
Y3Vyc29yOnYyOpIAzgGz5Ko=,liuguoguo,2014-11
Y3Vyc29yOnYyOpIAzgG1ScM=,igorfodor,2014-11
Y3Vyc29yOnYyOpIAzgG3m7A=,jiahuadeng,2014-11
Y3Vyc29yOnYyOpIAzgG4Saw=,pradeepms,2014-11
Y3Vyc29yOnYyOpIAzgG5eHQ=,kechit,2014-11
Y3Vyc29yOnYyOpIAzgG5e7c=,tomasvincent,2014-11
Y3Vyc29yOnYyOpIAzgG6Ees=,JeffreyWang,2014-11
Y3Vyc29yOnYyOpIAzgG7ABE=,devndone,2014-11
Y3Vyc29yOnYyOpIAzgG743g=,itgay,2014-11
Y3Vyc29yOnYyOpIAzgG_C-c=,leopeng0805,2014-12
Y3Vyc29yOnYyOpIAzgHCZ3c=,ilmsg,2014-12
Y3Vyc29yOnYyOpIAzgHCngU=,tietang,2014-12
Y3Vyc29yOnYyOpIAzgHDQ-4=,yozamacs,2014-12
Y3Vyc29yOnYyOpIAzgHDcnA=,gokhanalmas,2014-12
Y3Vyc29yOnYyOpIAzgHDl1I=,nanthakumarm,2014-12
Y3Vyc29yOnYyOpIAzgHD_XM=,doles,2014-12
Y3Vyc29yOnYyOpIAzgHEHDc=,wangko27,2014-12
Y3Vyc29yOnYyOpIAzgHEg8k=,AmaranthLIS,2014-12
Y3Vyc29yOnYyOpIAzgHFz5Q=,ovidiurosu,2014-12
Y3Vyc29yOnYyOpIAzgHGWB0=,furkanzumrut,2014-12
Y3Vyc29yOnYyOpIAzgHGbO4=,343415207,2014-12
Y3Vyc29yOnYyOpIAzgHH0hM=,sjyun,2014-12
Y3Vyc29yOnYyOpIAzgHH5L0=,rickbert,2014-12
Y3Vyc29yOnYyOpIAzgHIUhg=,previousdeveloper,2014-12
Y3Vyc29yOnYyOpIAzgHKdkA=,datla,2014-12
Y3Vyc29yOnYyOpIAzgHLfA4=,caseyjmorton,2014-12
Y3Vyc29yOnYyOpIAzgHMmpw=,mhhegazy,2014-12
Y3Vyc29yOnYyOpIAzgHMuC8=,weyewe,2014-12
Y3Vyc29yOnYyOpIAzgHNVGg=,hudongcheng,2014-12
Y3Vyc29yOnYyOpIAzgHNtG4=,bravegag,2014-12
Y3Vyc29yOnYyOpIAzgHN0QE=,benjaminmullard,2014-12
Y3Vyc29yOnYyOpIAzgHQUWU=,ericccs,2015-1
Y3Vyc29yOnYyOpIAzgHQlV0=,jgeraerts,2015-1
Y3Vyc29yOnYyOpIAzgHQrkY=,wuxudong,2015-1
Y3Vyc29yOnYyOpIAzgHQs14=,robenr,2015-1
Y3Vyc29yOnYyOpIAzgHSGnQ=,ruyan768,2015-1
Y3Vyc29yOnYyOpIAzgHSKqg=,yaozhen1979,2015-1
Y3Vyc29yOnYyOpIAzgHTqFo=,s0nny7,2015-1
Y3Vyc29yOnYyOpIAzgHVmh4=,abdesslem,2015-1
Y3Vyc29yOnYyOpIAzgHWSxc=,tomjamescn,2015-1
Y3Vyc29yOnYyOpIAzgHYrmo=,twilltom,2015-1
Y3Vyc29yOnYyOpIAzgHY_3o=,deodeveloper,2015-1
Y3Vyc29yOnYyOpIAzgHar3Q=,eurotrip11,2015-1
Y3Vyc29yOnYyOpIAzgHevdg=,crudbug,2015-1
Y3Vyc29yOnYyOpIAzgHhihE=,mf1389004071,2015-1
Y3Vyc29yOnYyOpIAzgHiXqQ=,onioncoder,2015-1
Y3Vyc29yOnYyOpIAzgHjQzo=,zhhaojie,2015-2
Y3Vyc29yOnYyOpIAzgHkAi4=,cdcorg,2015-2
Y3Vyc29yOnYyOpIAzgHn2GA=,arahansa,2015-2
Y3Vyc29yOnYyOpIAzgHqBN0=,suras,2015-2
Y3Vyc29yOnYyOpIAzgHq2io=,zod425,2015-2
Y3Vyc29yOnYyOpIAzgHrKq0=,eyeamvic,2015-2
Y3Vyc29yOnYyOpIAzgHssKE=,fig4ever,2015-2
Y3Vyc29yOnYyOpIAzgHtIv0=,yorkchow,2015-2
Y3Vyc29yOnYyOpIAzgHtTZA=,sofiaguyang,2015-2
Y3Vyc29yOnYyOpIAzgHutk0=,genustin,2015-2
Y3Vyc29yOnYyOpIAzgHwgKM=,passion1014,2015-2
Y3Vyc29yOnYyOpIAzgHxVZE=,ertugrulcetin,2015-2
Y3Vyc29yOnYyOpIAzgHz0yU=,yanwork,2015-2
Y3Vyc29yOnYyOpIAzgHz3ec=,patrick-fullcycledev,2015-2
Y3Vyc29yOnYyOpIAzgH3Qd4=,bilalelreda,2015-3
Y3Vyc29yOnYyOpIAzgH5Dag=,birdroidcn,2015-3
Y3Vyc29yOnYyOpIAzgH5zBw=,anvic,2015-3
Y3Vyc29yOnYyOpIAzgH9_m4=,zbhlove100,2015-3
Y3Vyc29yOnYyOpIAzgH-4NQ=,linyinpeng1989,2015-3
Y3Vyc29yOnYyOpIAzgH_IVg=,amalelrhazi,2015-3
Y3Vyc29yOnYyOpIAzgIBv6g=,carlosraphael,2015-3
Y3Vyc29yOnYyOpIAzgIC4LQ=,songdragon,2015-3
Y3Vyc29yOnYyOpIAzgIDXeA=,rulinma,2015-3
Y3Vyc29yOnYyOpIAzgIEBwc=,redbrick9,2015-3
Y3Vyc29yOnYyOpIAzgIGCv4=,shobhit-agarwal,2015-3
Y3Vyc29yOnYyOpIAzgIHksA=,calebkiage,2015-3
Y3Vyc29yOnYyOpIAzgIIjDQ=,pbaggett,2015-3
Y3Vyc29yOnYyOpIAzgIJ2wc=,muhammadkholidb,2015-3
Y3Vyc29yOnYyOpIAzgIKW8E=,millky,2015-3
Y3Vyc29yOnYyOpIAzgIKaB4=,lifenjoy51,2015-3
Y3Vyc29yOnYyOpIAzgIL5VM=,fordnox,2015-3
Y3Vyc29yOnYyOpIAzgIMuIU=,chenwenlong,2015-3
Y3Vyc29yOnYyOpIAzgIQBuo=,jammyjaccy,2015-4
Y3Vyc29yOnYyOpIAzgIQvtI=,trask,2015-4
Y3Vyc29yOnYyOpIAzgIQzTg=,unixzilla,2015-4
Y3Vyc29yOnYyOpIAzgIQ1cQ=,ftore,2015-4
Y3Vyc29yOnYyOpIAzgIRils=,wing0077,2015-4
Y3Vyc29yOnYyOpIAzgIR7ww=,iamyangjy,2015-4
Y3Vyc29yOnYyOpIAzgIShwg=,sathishkumar55,2015-4
Y3Vyc29yOnYyOpIAzgITaUc=,uixdk,2015-4
Y3Vyc29yOnYyOpIAzgIVyi4=,smartdw,2015-4
Y3Vyc29yOnYyOpIAzgIXa2c=,farajfarook,2015-4
Y3Vyc29yOnYyOpIAzgIYDuE=,harishgadde,2015-4
Y3Vyc29yOnYyOpIAzgIcHrY=,denistiago,2015-4
Y3Vyc29yOnYyOpIAzgIcubA=,atakurt,2015-4
Y3Vyc29yOnYyOpIAzgIdBBA=,mdebonnaire,2015-4
Y3Vyc29yOnYyOpIAzgIh2vg=,budhash,2015-4
Y3Vyc29yOnYyOpIAzgIh6eY=,cataluna84,2015-4
Y3Vyc29yOnYyOpIAzgIh7vQ=,cleankod,2015-4
Y3Vyc29yOnYyOpIAzgIjNuA=,hongbeiti,2015-4
Y3Vyc29yOnYyOpIAzgIjhr4=,qingniu,2015-4
Y3Vyc29yOnYyOpIAzgIkcS0=,bmkmanoj,2015-5
Y3Vyc29yOnYyOpIAzgInj4U=,liangshuai,2015-5
Y3Vyc29yOnYyOpIAzgIoX6s=,quangson91,2015-5
Y3Vyc29yOnYyOpIAzgIqAgA=,janzhou,2015-5
Y3Vyc29yOnYyOpIAzgIqUz0=,okohub,2015-5
Y3Vyc29yOnYyOpIAzgIrRE4=,oeegee,2015-5
Y3Vyc29yOnYyOpIAzgIrbTI=,jackok,2015-5
Y3Vyc29yOnYyOpIAzgIsjlg=,chenrui333,2015-5
Y3Vyc29yOnYyOpIAzgIszhQ=,kolec1,2015-5
Y3Vyc29yOnYyOpIAzgIt29w=,java2kus,2015-5
Y3Vyc29yOnYyOpIAzgIuK1s=,superadministrator,2015-5
Y3Vyc29yOnYyOpIAzgIub4U=,cdoolittle,2015-5
Y3Vyc29yOnYyOpIAzgIu9SQ=,immime,2015-5
Y3Vyc29yOnYyOpIAzgIwceQ=,jamnanlaw,2015-5
Y3Vyc29yOnYyOpIAzgIyHz8=,ikysil,2015-5
Y3Vyc29yOnYyOpIAzgIzOSU=,jaiiye,2015-5
Y3Vyc29yOnYyOpIAzgI8Epc=,smrutil,2015-6
Y3Vyc29yOnYyOpIAzgI8Kh4=,omerbasar,2015-6
Y3Vyc29yOnYyOpIAzgI8tgg=,sevketufuk,2015-6
Y3Vyc29yOnYyOpIAzgI9zak=,dassiorleando,2015-6
Y3Vyc29yOnYyOpIAzgI_DDU=,ranjithrk,2015-6
Y3Vyc29yOnYyOpIAzgJCjoM=,blondeMatrix,2015-6
Y3Vyc29yOnYyOpIAzgJFeJE=,darongmean,2015-6
Y3Vyc29yOnYyOpIAzgJFr7o=,chenxi21039,2015-6
Y3Vyc29yOnYyOpIAzgJI0_A=,bduisenov,2015-6
Y3Vyc29yOnYyOpIAzgJL52Y=,jonalx,2015-6
Y3Vyc29yOnYyOpIAzgJL9CA=,cristianlp,2015-6
Y3Vyc29yOnYyOpIAzgJM-Tc=,martiger,2015-6
Y3Vyc29yOnYyOpIAzgJNLLU=,magicgis,2015-6
Y3Vyc29yOnYyOpIAzgJOlmE=,chamakits,2015-6
Y3Vyc29yOnYyOpIAzgJQ0Jk=,VicCebedo,2015-6
Y3Vyc29yOnYyOpIAzgJRkDU=,sacikal,2015-6
Y3Vyc29yOnYyOpIAzgJSHAQ=,qq122343779,2015-7
Y3Vyc29yOnYyOpIAzgJS8Jc=,diedai,2015-7
Y3Vyc29yOnYyOpIAzgJUwx4=,lack3r,2015-7
Y3Vyc29yOnYyOpIAzgJXkWE=,gary-x-li,2015-7
Y3Vyc29yOnYyOpIAzgJX9Rc=,jakubpolak,2015-7
Y3Vyc29yOnYyOpIAzgJZork=,brantman,2015-7
Y3Vyc29yOnYyOpIAzgJaNh4=,eliteswap,2015-7
Y3Vyc29yOnYyOpIAzgJbntI=,billhongs,2015-7
Y3Vyc29yOnYyOpIAzgJduSs=,renga99,2015-7
Y3Vyc29yOnYyOpIAzgJgHF4=,FindaBottle,2015-7
Y3Vyc29yOnYyOpIAzgJgoKI=,wangf,2015-7
Y3Vyc29yOnYyOpIAzgJhjdY=,dijkstr,2015-7
Y3Vyc29yOnYyOpIAzgJk-yM=,philippkueng,2015-7
Y3Vyc29yOnYyOpIAzgJq4MQ=,robertolos,2015-8
Y3Vyc29yOnYyOpIAzgJrMXM=,zsoca8711,2015-8
Y3Vyc29yOnYyOpIAzgJrqgo=,gkbaturu,2015-8
Y3Vyc29yOnYyOpIAzgJuWQs=,yubo-yue,2015-8
Y3Vyc29yOnYyOpIAzgJuks4=,superbull,2015-8
Y3Vyc29yOnYyOpIAzgJvoB4=,qqiangwu,2015-8
Y3Vyc29yOnYyOpIAzgJwrM0=,kittybo,2015-8
Y3Vyc29yOnYyOpIAzgJwu9Y=,nhlpl,2015-8
Y3Vyc29yOnYyOpIAzgJw9bw=,GordonLesti,2015-8
Y3Vyc29yOnYyOpIAzgJzCOM=,q793148210,2015-8
Y3Vyc29yOnYyOpIAzgJzIxw=,bezrukovp,2015-8
Y3Vyc29yOnYyOpIAzgJ03f8=,yueliangrensheng,2015-8
Y3Vyc29yOnYyOpIAzgJ1h7s=,felipebastosweb,2015-8
Y3Vyc29yOnYyOpIAzgJ2xoY=,kocokolo,2015-8
Y3Vyc29yOnYyOpIAzgJ3t8Y=,bluebird88,2015-8
Y3Vyc29yOnYyOpIAzgJ4eiI=,jmaorr,2015-8
Y3Vyc29yOnYyOpIAzgJ774E=,antiso,2015-8
Y3Vyc29yOnYyOpIAzgJ8A-Q=,cooligc,2015-8
Y3Vyc29yOnYyOpIAzgJ9e5E=,evenX86,2015-8
Y3Vyc29yOnYyOpIAzgJ_GUE=,semap,2015-8
Y3Vyc29yOnYyOpIAzgKBpn0=,lucianlo,2015-8
Y3Vyc29yOnYyOpIAzgKBq34=,CloudandReact,2015-8
Y3Vyc29yOnYyOpIAzgKBxgw=,zhaorui1,2015-8
Y3Vyc29yOnYyOpIAzgKCe4I=,y1z2g3,2015-8
Y3Vyc29yOnYyOpIAzgKDpOw=,funbits,2015-9
Y3Vyc29yOnYyOpIAzgKErbs=,noopuraspire,2015-9
Y3Vyc29yOnYyOpIAzgKFFrk=,toast38coza,2015-9
Y3Vyc29yOnYyOpIAzgKGOsQ=,Ramm-ru,2015-9
Y3Vyc29yOnYyOpIAzgKHaCI=,neoxen,2015-9
Y3Vyc29yOnYyOpIAzgKKVmo=,volkanto,2015-9
Y3Vyc29yOnYyOpIAzgKQYdw=,jacky-cyber,2015-9
Y3Vyc29yOnYyOpIAzgKQ2b0=,rawbenny,2015-9
Y3Vyc29yOnYyOpIAzgKSQq0=,quangpld,2015-9
Y3Vyc29yOnYyOpIAzgKTIl8=,yyqqing,2015-9
Y3Vyc29yOnYyOpIAzgKTYcM=,uocnb,2015-9
Y3Vyc29yOnYyOpIAzgKWu-Y=,shushanxingzhe,2015-9
Y3Vyc29yOnYyOpIAzgKYOtg=,mzfk,2015-9
Y3Vyc29yOnYyOpIAzgKZSh4=,pkpk1234,2015-9
Y3Vyc29yOnYyOpIAzgKaEsc=,tranter1991,2015-9
Y3Vyc29yOnYyOpIAzgKaaN0=,VIJACDBLZ,2015-9
Y3Vyc29yOnYyOpIAzgKb-74=,kolszewskieu,2015-9
Y3Vyc29yOnYyOpIAzgKfPPI=,kervinpierre,2015-10
Y3Vyc29yOnYyOpIAzgKgTDA=,loverogersun,2015-10
Y3Vyc29yOnYyOpIAzgKhZUc=,sinix,2015-10
Y3Vyc29yOnYyOpIAzgKidfE=,omtara,2015-10
Y3Vyc29yOnYyOpIAzgKmfjM=,foxdream,2015-10
Y3Vyc29yOnYyOpIAzgKm1zE=,meabed,2015-10
Y3Vyc29yOnYyOpIAzgKn4Cs=,xiongjia,2015-10
Y3Vyc29yOnYyOpIAzgKn-f8=,rjiang21,2015-10
Y3Vyc29yOnYyOpIAzgKo5cw=,chuaaron,2015-10
Y3Vyc29yOnYyOpIAzgKpCxg=,atlasian,2015-10
Y3Vyc29yOnYyOpIAzgKqqC0=,yumingzhe,2015-10
Y3Vyc29yOnYyOpIAzgKq4F4=,radut,2015-10
Y3Vyc29yOnYyOpIAzgKrRiE=,mly1999,2015-10
Y3Vyc29yOnYyOpIAzgKsQaI=,Pedro-Veronezi,2015-10
Y3Vyc29yOnYyOpIAzgKtBp8=,ehaxhi,2015-10
Y3Vyc29yOnYyOpIAzgKtNXg=,mtabur,2015-10
Y3Vyc29yOnYyOpIAzgKt1Pk=,junshao1986,2015-10
Y3Vyc29yOnYyOpIAzgKvTsE=,weizaiyue,2015-10
Y3Vyc29yOnYyOpIAzgKwPt8=,andreeaboies,2015-10
Y3Vyc29yOnYyOpIAzgKym2s=,TheoSchumacher,2015-10
Y3Vyc29yOnYyOpIAzgKzBeU=,satnami,2015-10
Y3Vyc29yOnYyOpIAzgK0ewQ=,wang7x,2015-10
Y3Vyc29yOnYyOpIAzgK2vqc=,rogervaas,2015-10
Y3Vyc29yOnYyOpIAzgK4THY=,iroid,2015-11
Y3Vyc29yOnYyOpIAzgK4rRI=,echiphn,2015-11
Y3Vyc29yOnYyOpIAzgK61aU=,fredmaiaarantes,2015-11
Y3Vyc29yOnYyOpIAzgK9cpk=,corfixen,2015-11
Y3Vyc29yOnYyOpIAzgK_eGg=,rameshwar1984,2015-11
Y3Vyc29yOnYyOpIAzgLA6ko=,epubreader,2015-11
Y3Vyc29yOnYyOpIAzgLC3IA=,cristianosanchez,2015-11
Y3Vyc29yOnYyOpIAzgLEXBA=,pkcool,2015-11
Y3Vyc29yOnYyOpIAzgLEuMY=,dptechdev,2015-11
Y3Vyc29yOnYyOpIAzgLFjss=,shuriken-aka,2015-11
Y3Vyc29yOnYyOpIAzgLIvck=,fiftin,2015-11
Y3Vyc29yOnYyOpIAzgLNTy8=,SwathiMystery,2015-11
Y3Vyc29yOnYyOpIAzgLNniI=,nepur,2015-11
Y3Vyc29yOnYyOpIAzgLNyvQ=,magicbacon,2015-11
Y3Vyc29yOnYyOpIAzgLOkUM=,dongmingz,2015-11
Y3Vyc29yOnYyOpIAzgLSovc=,smssly,2015-11
Y3Vyc29yOnYyOpIAzgLVxPg=,michalgce,2015-11
Y3Vyc29yOnYyOpIAzgLYCR0=,caioquirino,2015-12
Y3Vyc29yOnYyOpIAzgLcXIU=,Czakanski,2015-12
Y3Vyc29yOnYyOpIAzgLdXTw=,ynial,2015-12
Y3Vyc29yOnYyOpIAzgLdqxE=,windylcx,2015-12
Y3Vyc29yOnYyOpIAzgLfwW4=,youngkyunjun,2015-12
Y3Vyc29yOnYyOpIAzgLg_Dk=,jkdntc,2015-12
Y3Vyc29yOnYyOpIAzgLkBwk=,jjtechworld,2015-12
Y3Vyc29yOnYyOpIAzgLkkvU=,joransky-xk,2015-12
Y3Vyc29yOnYyOpIAzgLqFFo=,splade,2015-12
Y3Vyc29yOnYyOpIAzgLs76s=,psramkumar,2015-12
Y3Vyc29yOnYyOpIAzgLvgUk=,SpeedMe,2015-12
Y3Vyc29yOnYyOpIAzgLvnOs=,arnelandwehr,2015-12
Y3Vyc29yOnYyOpIAzgLvpz4=,fernandoluizjr,2015-12
Y3Vyc29yOnYyOpIAzgLxcik=,yuri0x7c1,2015-12
Y3Vyc29yOnYyOpIAzgLyvUk=,janumpallykalyan,2015-12
Y3Vyc29yOnYyOpIAzgL0X4Y=,mahmoudimus,2016-1
Y3Vyc29yOnYyOpIAzgL1GCw=,anidotnet,2016-1
Y3Vyc29yOnYyOpIAzgL1KCc=,wugy11,2016-1
Y3Vyc29yOnYyOpIAzgL1Mys=,windedge,2016-1
Y3Vyc29yOnYyOpIAzgL2Gt8=,EllaZhao,2016-1
Y3Vyc29yOnYyOpIAzgL4Egg=,braxtonstuart,2016-1
Y3Vyc29yOnYyOpIAzgL5IYU=,zachselby,2016-1
Y3Vyc29yOnYyOpIAzgL5kkw=,steveluo,2016-1
Y3Vyc29yOnYyOpIAzgL5nNs=,shenhaiyang,2016-1
Y3Vyc29yOnYyOpIAzgL5-Yc=,ttiimmaahh,2016-1
Y3Vyc29yOnYyOpIAzgMAJIc=,andrew916,2016-1
Y3Vyc29yOnYyOpIAzgMF5mg=,EasonYi,2016-1
Y3Vyc29yOnYyOpIAzgMH9dI=,jordzhang,2016-1
Y3Vyc29yOnYyOpIAzgMJbZM=,ygdrasil-io,2016-1
Y3Vyc29yOnYyOpIAzgMKT3o=,cemartins,2016-1
Y3Vyc29yOnYyOpIAzgMKxdo=,florinbroasca,2016-1
Y3Vyc29yOnYyOpIAzgMLyKw=,jt120,2016-1
Y3Vyc29yOnYyOpIAzgML5nY=,vancepym,2016-1
Y3Vyc29yOnYyOpIAzgMNYWA=,jbjares,2016-1
Y3Vyc29yOnYyOpIAzgMNfjQ=,iKrelve,2016-1
Y3Vyc29yOnYyOpIAzgMPn1Q=,yaonphy,2016-1
Y3Vyc29yOnYyOpIAzgMQqtU=,clcaza,2016-1
Y3Vyc29yOnYyOpIAzgMTbiM=,guxuede,2016-2
Y3Vyc29yOnYyOpIAzgMUJzc=,topstarnetwork,2016-2
Y3Vyc29yOnYyOpIAzgMVIak=,pmaingi,2016-2
Y3Vyc29yOnYyOpIAzgMWS6w=,machinelearner,2016-2
Y3Vyc29yOnYyOpIAzgMYX_0=,princembd,2016-2
Y3Vyc29yOnYyOpIAzgMY1VA=,ksambhav,2016-2
Y3Vyc29yOnYyOpIAzgMZ3eE=,tur-ing,2016-2
Y3Vyc29yOnYyOpIAzgMaQGc=,liyocee,2016-2
Y3Vyc29yOnYyOpIAzgMaam8=,iron-hulk,2016-2
Y3Vyc29yOnYyOpIAzgMcAiM=,Yumar,2016-2
Y3Vyc29yOnYyOpIAzgMcFf0=,badu,2016-2
Y3Vyc29yOnYyOpIAzgMc5Sc=,crzjaek,2016-2
Y3Vyc29yOnYyOpIAzgMfi4Y=,changsa65,2016-2
Y3Vyc29yOnYyOpIAzgMfxqY=,chandlerq,2016-2
Y3Vyc29yOnYyOpIAzgMgKE0=,TFdream,2016-2
Y3Vyc29yOnYyOpIAzgMgK6Y=,michealzh,2016-2
Y3Vyc29yOnYyOpIAzgMhPrg=,wubin28,2016-2
Y3Vyc29yOnYyOpIAzgMk34o=,lanhuai,2016-2
Y3Vyc29yOnYyOpIAzgMnOQI=,cieplak,2016-2
Y3Vyc29yOnYyOpIAzgMp7eE=,atomfrede,2016-2
Y3Vyc29yOnYyOpIAzgMrDCo=,renjithgr,2016-2
Y3Vyc29yOnYyOpIAzgMuzG0=,eksahin,2016-2
Y3Vyc29yOnYyOpIAzgMv2D8=,naveenpatilm,2016-2
Y3Vyc29yOnYyOpIAzgM12X8=,adrian-wan,2016-3
Y3Vyc29yOnYyOpIAzgM25xc=,femrtnz,2016-3
Y3Vyc29yOnYyOpIAzgM4Kvs=,laplaceliu,2016-3
Y3Vyc29yOnYyOpIAzgM4bvM=,m3rg,2016-3
Y3Vyc29yOnYyOpIAzgM4tiM=,ilaocai,2016-3
Y3Vyc29yOnYyOpIAzgM55VE=,ffaoudi,2016-3
Y3Vyc29yOnYyOpIAzgM6kbE=,BreadKid,2016-3
Y3Vyc29yOnYyOpIAzgM7gNc=,italocomini,2016-3
Y3Vyc29yOnYyOpIAzgM75xs=,sunyanbin,2016-3
Y3Vyc29yOnYyOpIAzgNARnk=,dheerajkhardwal,2016-3
Y3Vyc29yOnYyOpIAzgNAnP4=,raventid,2016-3
Y3Vyc29yOnYyOpIAzgNCACE=,woodb,2016-3
Y3Vyc29yOnYyOpIAzgNChW0=,LokiSnow,2016-3
Y3Vyc29yOnYyOpIAzgNEPSE=,mantask,2016-3
Y3Vyc29yOnYyOpIAzgNFMZs=,andylow,2016-3
Y3Vyc29yOnYyOpIAzgNFPxQ=,qqbwww,2016-3
Y3Vyc29yOnYyOpIAzgNG8ZA=,guizhigang,2016-3
Y3Vyc29yOnYyOpIAzgNHAfQ=,wbsljh,2016-3
Y3Vyc29yOnYyOpIAzgNHDfY=,wololock,2016-3
Y3Vyc29yOnYyOpIAzgNIiEM=,krishnarb3,2016-3
Y3Vyc29yOnYyOpIAzgNPDMo=,dotview,2016-3
Y3Vyc29yOnYyOpIAzgNQL2I=,JeorgeMatt,2016-3
Y3Vyc29yOnYyOpIAzgNSGdA=,HabibMAALEM,2016-3
Y3Vyc29yOnYyOpIAzgNS1Jk=,flian,2016-3
Y3Vyc29yOnYyOpIAzgNVIrQ=,rshlin,2016-4
Y3Vyc29yOnYyOpIAzgNXnW8=,wosuxi,2016-4
Y3Vyc29yOnYyOpIAzgNZ7eU=,tuantmtb,2016-4
Y3Vyc29yOnYyOpIAzgNbhpA=,ivan3619,2016-4
Y3Vyc29yOnYyOpIAzgNcPdo=,Yuri-M-Dias,2016-4
Y3Vyc29yOnYyOpIAzgNd-E8=,leonco,2016-4
Y3Vyc29yOnYyOpIAzgNeECk=,developer1981,2016-4
Y3Vyc29yOnYyOpIAzgNe_wk=,skotec,2016-4
Y3Vyc29yOnYyOpIAzgNgKeQ=,valaxy,2016-4
Y3Vyc29yOnYyOpIAzgNg-JY=,asmoker,2016-4
Y3Vyc29yOnYyOpIAzgNlD5U=,biggates,2016-4
Y3Vyc29yOnYyOpIAzgNnDcQ=,ghostwander,2016-4
Y3Vyc29yOnYyOpIAzgNnS-g=,sergii-volotovskyi,2016-4
Y3Vyc29yOnYyOpIAzgNoZt4=,alexbwang,2016-4
Y3Vyc29yOnYyOpIAzgNo06U=,fabianormatias,2016-4
Y3Vyc29yOnYyOpIAzgNpWh4=,YihuaWanglv,2016-4
Y3Vyc29yOnYyOpIAzgNpirI=,TheLML,2016-4
Y3Vyc29yOnYyOpIAzgNto4c=,chenjinris,2016-4
Y3Vyc29yOnYyOpIAzgNvvfg=,imhu,2016-4
Y3Vyc29yOnYyOpIAzgNwzbQ=,henriquesmoco,2016-4
Y3Vyc29yOnYyOpIAzgNxsNo=,ananich,2016-4
Y3Vyc29yOnYyOpIAzgNyY14=,weizj593,2016-4
Y3Vyc29yOnYyOpIAzgNzb7Q=,yoyoung,2016-4
Y3Vyc29yOnYyOpIAzgN0j14=,mlong168,2016-4
Y3Vyc29yOnYyOpIAzgN0-Ek=,togaurav,2016-4
Y3Vyc29yOnYyOpIAzgN4mr4=,dbbbit,2016-5
Y3Vyc29yOnYyOpIAzgN5J-Q=,andersonvieira,2016-5
Y3Vyc29yOnYyOpIAzgN5z6Q=,heshm,2016-5
Y3Vyc29yOnYyOpIAzgN71lM=,ignatiusd,2016-5
Y3Vyc29yOnYyOpIAzgN759A=,xnidis,2016-5
Y3Vyc29yOnYyOpIAzgN8cag=,hsujuventus,2016-5
Y3Vyc29yOnYyOpIAzgN8oqs=,5452,2016-5
Y3Vyc29yOnYyOpIAzgOFNxM=,ntviet18,2016-5
Y3Vyc29yOnYyOpIAzgOJC8U=,tonny008,2016-5
Y3Vyc29yOnYyOpIAzgOJ58Y=,hshansel,2016-5
Y3Vyc29yOnYyOpIAzgOMDTc=,RedTea,2016-5
Y3Vyc29yOnYyOpIAzgOOLSI=,lzjian119,2016-5
Y3Vyc29yOnYyOpIAzgOPHG4=,zhanlandetian,2016-5
Y3Vyc29yOnYyOpIAzgOPW9o=,sngyai,2016-5
Y3Vyc29yOnYyOpIAzgOP4io=,ansyeow,2016-5
Y3Vyc29yOnYyOpIAzgORUXE=,ox00000001,2016-5
Y3Vyc29yOnYyOpIAzgOTPCE=,jinmitek,2016-5
Y3Vyc29yOnYyOpIAzgOWzWg=,huang917,2016-5
Y3Vyc29yOnYyOpIAzgOZ2yg=,divver,2016-6
Y3Vyc29yOnYyOpIAzgOa4yo=,mreddy8182,2016-6
Y3Vyc29yOnYyOpIAzgObreQ=,deveshub,2016-6
Y3Vyc29yOnYyOpIAzgOcnWQ=,sweord,2016-6
Y3Vyc29yOnYyOpIAzgOhT8o=,ahmadw,2016-6
Y3Vyc29yOnYyOpIAzgOmEMw=,zhangalex,2016-6
Y3Vyc29yOnYyOpIAzgOmOO0=,mhddurrah,2016-6
Y3Vyc29yOnYyOpIAzgOnq5c=,arorasa,2016-6
Y3Vyc29yOnYyOpIAzgOtOzY=,iknoweth,2016-6
Y3Vyc29yOnYyOpIAzgOw7CA=,petermjr,2016-6
Y3Vyc29yOnYyOpIAzgO39-w=,ihanfeng,2016-7
Y3Vyc29yOnYyOpIAzgO4EG4=,codehappy,2016-7
Y3Vyc29yOnYyOpIAzgO62ZU=,Burt-L,2016-7
Y3Vyc29yOnYyOpIAzgO8-TY=,xvm03,2016-7
Y3Vyc29yOnYyOpIAzgPFMcQ=,DeanWade,2016-7
Y3Vyc29yOnYyOpIAzgPOYfs=,dshalev,2016-7
Y3Vyc29yOnYyOpIAzgPUACo=,tom-010,2016-7
Y3Vyc29yOnYyOpIAzgPWBjw=,angkal22,2016-7
Y3Vyc29yOnYyOpIAzgPYqZc=,dungvv,2016-7
Y3Vyc29yOnYyOpIAzgPZM3s=,adaladam,2016-7
Y3Vyc29yOnYyOpIAzgPZO6w=,KwSun,2016-7
Y3Vyc29yOnYyOpIAzgPbxdw=,WalsonTung,2016-8
Y3Vyc29yOnYyOpIAzgPgtpk=,jamelt,2016-8
Y3Vyc29yOnYyOpIAzgPgwI8=,young-jun,2016-8
Y3Vyc29yOnYyOpIAzgPj1i8=,clslab,2016-8
Y3Vyc29yOnYyOpIAzgPlOkU=,andrzejzysko,2016-8
Y3Vyc29yOnYyOpIAzgPmpBs=,sjh110007,2016-8
Y3Vyc29yOnYyOpIAzgPn1Ts=,freestrings,2016-8
Y3Vyc29yOnYyOpIAzgPq84w=,chptx,2016-8
Y3Vyc29yOnYyOpIAzgPyLDk=,flyisland,2016-8
Y3Vyc29yOnYyOpIAzgPzt_8=,embuc,2016-8
Y3Vyc29yOnYyOpIAzgP0ROk=,blackdancers,2016-8
Y3Vyc29yOnYyOpIAzgP3gUE=,valtus,2016-8
Y3Vyc29yOnYyOpIAzgP4rqg=,kosmoflyko,2016-8
Y3Vyc29yOnYyOpIAzgP5k1A=,fomuon,2016-8
Y3Vyc29yOnYyOpIAzgP926I=,kilient,2016-9
Y3Vyc29yOnYyOpIAzgQFw04=,BassamLashen,2016-9
Y3Vyc29yOnYyOpIAzgQF4Cg=,gorkemsevim,2016-9
Y3Vyc29yOnYyOpIAzgQGtic=,hunterwei,2016-9
Y3Vyc29yOnYyOpIAzgQHcHQ=,longhuihy,2016-9
Y3Vyc29yOnYyOpIAzgQMHYI=,itflash,2016-9
Y3Vyc29yOnYyOpIAzgQP_qk=,jinlongfubo,2016-9
Y3Vyc29yOnYyOpIAzgQQbts=,gxz1989611,2016-9
Y3Vyc29yOnYyOpIAzgQVB7M=,EddyJo,2016-9
Y3Vyc29yOnYyOpIAzgQVLYY=,leenux,2016-9
Y3Vyc29yOnYyOpIAzgQYUz8=,AaronEngi,2016-9
Y3Vyc29yOnYyOpIAzgQZAEE=,neonailol,2016-9
Y3Vyc29yOnYyOpIAzgQaApw=,emersonbarros,2016-9
Y3Vyc29yOnYyOpIAzgQbqE0=,mgaerber,2016-9
Y3Vyc29yOnYyOpIAzgQeaHU=,sungitly,2016-9
Y3Vyc29yOnYyOpIAzgQele4=,JMVoid,2016-9
Y3Vyc29yOnYyOpIAzgQeuiM=,xuyang2,2016-9
Y3Vyc29yOnYyOpIAzgQgajk=,mehmetozkan,2016-10
Y3Vyc29yOnYyOpIAzgQg_1M=,renpengben,2016-10
Y3Vyc29yOnYyOpIAzgQjzmY=,AsheK,2016-10
Y3Vyc29yOnYyOpIAzgQmwBI=,trung-huynh,2016-10
Y3Vyc29yOnYyOpIAzgQnFk8=,cicadabear,2016-10
Y3Vyc29yOnYyOpIAzgQoEUo=,ccnuhym,2016-10
Y3Vyc29yOnYyOpIAzgQocOc=,tmtvl,2016-10
Y3Vyc29yOnYyOpIAzgQuHUU=,ashishsinghdev,2016-10
Y3Vyc29yOnYyOpIAzgQuwHY=,rn0,2016-10
Y3Vyc29yOnYyOpIAzgQxWr8=,Legoben,2016-10
Y3Vyc29yOnYyOpIAzgQ04T4=,n3k0,2016-10
Y3Vyc29yOnYyOpIAzgQ12nA=,pabl0rg,2016-10
Y3Vyc29yOnYyOpIAzgQ2EcI=,lzpfmh,2016-10
Y3Vyc29yOnYyOpIAzgQ8usU=,lixuelong,2016-10
Y3Vyc29yOnYyOpIAzgQ-Xtg=,wonwoo,2016-10
Y3Vyc29yOnYyOpIAzgQ_fmI=,huxiaogang,2016-10
Y3Vyc29yOnYyOpIAzgRAXg0=,nhducit,2016-10
Y3Vyc29yOnYyOpIAzgRDCPo=,husm,2016-11
Y3Vyc29yOnYyOpIAzgRDTjA=,junit,2016-11
Y3Vyc29yOnYyOpIAzgRDc6U=,iSame7,2016-11
Y3Vyc29yOnYyOpIAzgRFVQE=,feynmanzhang,2016-11
Y3Vyc29yOnYyOpIAzgRIcnM=,endegraaf,2016-11
Y3Vyc29yOnYyOpIAzgRNQ7A=,sergiofst,2016-11
Y3Vyc29yOnYyOpIAzgRONGc=,moinsam,2016-11
Y3Vyc29yOnYyOpIAzgRSAK8=,user20161119,2016-11
Y3Vyc29yOnYyOpIAzgRXwK0=,iefmg,2016-11
Y3Vyc29yOnYyOpIAzgRYNx0=,burlaka,2016-11
Y3Vyc29yOnYyOpIAzgRdoUg=,benhenda89,2016-11
Y3Vyc29yOnYyOpIAzgRfkls=,zjsywcc,2016-11
Y3Vyc29yOnYyOpIAzgRjJAQ=,zymne,2016-11
Y3Vyc29yOnYyOpIAzgRjjw8=,1003047593,2016-11
Y3Vyc29yOnYyOpIAzgRnN_U=,chenliang,2016-12
Y3Vyc29yOnYyOpIAzgRoMPw=,qbrossard,2016-12
Y3Vyc29yOnYyOpIAzgRqHZI=,hye,2016-12
Y3Vyc29yOnYyOpIAzgRqr-4=,janman2222,2016-12
Y3Vyc29yOnYyOpIAzgRquas=,surpass,2016-12
Y3Vyc29yOnYyOpIAzgRs180=,marfer,2016-12
Y3Vyc29yOnYyOpIAzgRuIgs=,alvase,2016-12
Y3Vyc29yOnYyOpIAzgR5U7A=,tandung,2016-12
Y3Vyc29yOnYyOpIAzgR6O8o=,junlapong,2016-12
Y3Vyc29yOnYyOpIAzgSAVRo=,nblookup,2016-12
Y3Vyc29yOnYyOpIAzgSJDu0=,yaotj,2016-12
Y3Vyc29yOnYyOpIAzgSJrZI=,wwwcs59,2017-1
Y3Vyc29yOnYyOpIAzgSLJqs=,NelsonBurton,2017-1
Y3Vyc29yOnYyOpIAzgSPHcw=,vy-nguyen,2017-1
Y3Vyc29yOnYyOpIAzgSP2QM=,smithcui,2017-1
Y3Vyc29yOnYyOpIAzgSQkus=,jackstevenson,2017-1
Y3Vyc29yOnYyOpIAzgSQ-gw=,ichuythong,2017-1
Y3Vyc29yOnYyOpIAzgSR4IU=,heianxing,2017-1
Y3Vyc29yOnYyOpIAzgSTIG4=,juneng603,2017-1
Y3Vyc29yOnYyOpIAzgSUYoI=,msafin,2017-1
Y3Vyc29yOnYyOpIAzgSW66o=,ybz216,2017-1
Y3Vyc29yOnYyOpIAzgSZeAA=,kemo71,2017-1
Y3Vyc29yOnYyOpIAzgSiaSE=,metzelhoff,2017-1
Y3Vyc29yOnYyOpIAzgSzcyU=,jalja27,2017-2
Y3Vyc29yOnYyOpIAzgS88xo=,malajisi,2017-2
Y3Vyc29yOnYyOpIAzgS_G7k=,mintster,2017-2
Y3Vyc29yOnYyOpIAzgS_LHo=,LeoChao1018,2017-2
Y3Vyc29yOnYyOpIAzgS_VpU=,sunday2,2017-2
Y3Vyc29yOnYyOpIAzgS_XZQ=,cvallejosh1,2017-2
Y3Vyc29yOnYyOpIAzgTBu-s=,hellosworldos,2017-2
Y3Vyc29yOnYyOpIAzgTEAZ8=,cxl086,2017-2
Y3Vyc29yOnYyOpIAzgTEx04=,volc,2017-2
Y3Vyc29yOnYyOpIAzgTGEbs=,jlulimo,2017-2
Y3Vyc29yOnYyOpIAzgTINPU=,qwang66,2017-2
Y3Vyc29yOnYyOpIAzgTOHfw=,showntop,2017-2
Y3Vyc29yOnYyOpIAzgTOgoI=,wangxiaosheng,2017-2
Y3Vyc29yOnYyOpIAzgTR8Pg=,ajaxsys,2017-2
Y3Vyc29yOnYyOpIAzgTWij4=,lahuman,2017-3
Y3Vyc29yOnYyOpIAzgTcScw=,likunpeng,2017-3
Y3Vyc29yOnYyOpIAzgTdVTM=,lnx1824,2017-3
Y3Vyc29yOnYyOpIAzgTdjSw=,imnotjerry,2017-3
Y3Vyc29yOnYyOpIAzgTgPgM=,churchmediasolutions,2017-3
Y3Vyc29yOnYyOpIAzgToq9w=,ThiagoGarciaAlves,2017-3
Y3Vyc29yOnYyOpIAzgTorVY=,denisgmarques,2017-3
Y3Vyc29yOnYyOpIAzgTrKB4=,fanlei1988,2017-3
Y3Vyc29yOnYyOpIAzgTr2X0=,pjabang1,2017-3
Y3Vyc29yOnYyOpIAzgTv1s0=,ssherwood,2017-3
Y3Vyc29yOnYyOpIAzgTxouA=,anupamkumar,2017-3
Y3Vyc29yOnYyOpIAzgT0XWA=,yytsui,2017-3
Y3Vyc29yOnYyOpIAzgT7Lv0=,opklnm102,2017-3
Y3Vyc29yOnYyOpIAzgT-dYM=,stonegao,2017-3
Y3Vyc29yOnYyOpIAzgT-h2U=,DiveInto,2017-3
Y3Vyc29yOnYyOpIAzgUALro=,SumeetMoray,2017-3
Y3Vyc29yOnYyOpIAzgUBQL8=,muxiaoshan,2017-3
Y3Vyc29yOnYyOpIAzgUDlic=,cppmule,2017-4
Y3Vyc29yOnYyOpIAzgUEcd8=,ammachado,2017-4
Y3Vyc29yOnYyOpIAzgUIclA=,szheng3,2017-4
Y3Vyc29yOnYyOpIAzgUJM4I=,dachmx,2017-4
Y3Vyc29yOnYyOpIAzgUNHB8=,malick-dev,2017-4
Y3Vyc29yOnYyOpIAzgUOV_o=,HowellYan,2017-4
Y3Vyc29yOnYyOpIAzgUPcFk=,357037959,2017-4
Y3Vyc29yOnYyOpIAzgUQKeI=,linfuyan,2017-4
Y3Vyc29yOnYyOpIAzgUTNko=,konstpan,2017-4
Y3Vyc29yOnYyOpIAzgUTogw=,caipeng0418,2017-4
Y3Vyc29yOnYyOpIAzgUUxBw=,aillamsun,2017-4
Y3Vyc29yOnYyOpIAzgUU6OA=,lieeil,2017-4
Y3Vyc29yOnYyOpIAzgUXSrw=,t4nmoy,2017-4
Y3Vyc29yOnYyOpIAzgUa8Ts=,yusong-shen,2017-4
Y3Vyc29yOnYyOpIAzgUclYY=,abelwuxin,2017-4
Y3Vyc29yOnYyOpIAzgUexR0=,belhad,2017-4
Y3Vyc29yOnYyOpIAzgUfGHk=,bigspotteddog,2017-4
Y3Vyc29yOnYyOpIAzgUfzKc=,gerrypang,2017-4
Y3Vyc29yOnYyOpIAzgUh9jA=,guotaofind,2017-4
Y3Vyc29yOnYyOpIAzgUjVwE=,vulcangz,2017-4
Y3Vyc29yOnYyOpIAzgUl6To=,tberge,2017-4
Y3Vyc29yOnYyOpIAzgUmkxc=,dynamicheart,2017-4
Y3Vyc29yOnYyOpIAzgUmltI=,kensspace,2017-4
Y3Vyc29yOnYyOpIAzgUpKFA=,lordigon,2017-4
Y3Vyc29yOnYyOpIAzgUsBTw=,PreciseMind,2017-5
Y3Vyc29yOnYyOpIAzgUuaXw=,toddyao,2017-5
Y3Vyc29yOnYyOpIAzgUyYoo=,chainyu,2017-5
Y3Vyc29yOnYyOpIAzgU6PDs=,kevin2088,2017-5
Y3Vyc29yOnYyOpIAzgVFpU0=,LionJim,2017-5
Y3Vyc29yOnYyOpIAzgVF950=,arraysegment,2017-5
Y3Vyc29yOnYyOpIAzgVLuUw=,xmh51,2017-5
Y3Vyc29yOnYyOpIAzgVL3Nk=,TarasOstasha,2017-5
Y3Vyc29yOnYyOpIAzgVL3fM=,Alantoo,2017-5
Y3Vyc29yOnYyOpIAzgVVfxo=,yvikentiev,2017-6
Y3Vyc29yOnYyOpIAzgVXqwQ=,javageek,2017-6
Y3Vyc29yOnYyOpIAzgVhmMw=,stationwu,2017-6
Y3Vyc29yOnYyOpIAzgVkeVM=,gilton,2017-6
Y3Vyc29yOnYyOpIAzgVk1zw=,blademasterzhang,2017-6
Y3Vyc29yOnYyOpIAzgVu_XU=,diliuskh,2017-6
Y3Vyc29yOnYyOpIAzgVyl4o=,marti1125,2017-6
Y3Vyc29yOnYyOpIAzgV2G_I=,vatri,2017-6
Y3Vyc29yOnYyOpIAzgWBEzg=,nielongguang,2017-7
Y3Vyc29yOnYyOpIAzgWBG1c=,fctao,2017-7
Y3Vyc29yOnYyOpIAzgWLsJw=,Unwatch,2017-7
Y3Vyc29yOnYyOpIAzgWMTIk=,lrabiet,2017-7
Y3Vyc29yOnYyOpIAzgWUAW4=,AR1ES,2017-7
Y3Vyc29yOnYyOpIAzgWXUyo=,dolwin,2017-7
Y3Vyc29yOnYyOpIAzgWZVFk=,mastermate,2017-7
Y3Vyc29yOnYyOpIAzgWZVms=,AbedHadri,2017-7
Y3Vyc29yOnYyOpIAzgWba3Y=,Chevy7,2017-7
Y3Vyc29yOnYyOpIAzgWdpq4=,11080311,2017-7
Y3Vyc29yOnYyOpIAzgWehk4=,jmitash,2017-7
Y3Vyc29yOnYyOpIAzgWh1WY=,Dxyy,2017-7
Y3Vyc29yOnYyOpIAzgWiiBQ=,bulong0721,2017-7
Y3Vyc29yOnYyOpIAzgWk29Y=,anagaychuk,2017-7
Y3Vyc29yOnYyOpIAzgWsvs8=,jinwuxia,2017-8
Y3Vyc29yOnYyOpIAzgWx2HY=,develofun,2017-8
Y3Vyc29yOnYyOpIAzgW4-vM=,venkat-oss,2017-8
Y3Vyc29yOnYyOpIAzgW_FtA=,xfjesse,2017-8
Y3Vyc29yOnYyOpIAzgXAGBA=,junejs,2017-8
Y3Vyc29yOnYyOpIAzgXAIsA=,AversonCoder,2017-8
Y3Vyc29yOnYyOpIAzgXBjX8=,ivan2yk,2017-8
Y3Vyc29yOnYyOpIAzgXEx5g=,robotzero,2017-8
Y3Vyc29yOnYyOpIAzgXGMt4=,walieddine,2017-8
Y3Vyc29yOnYyOpIAzgXG_MQ=,danieldai,2017-8
Y3Vyc29yOnYyOpIAzgXIwCM=,birdstudiocn,2017-8
Y3Vyc29yOnYyOpIAzgXMztY=,youngkjun,2017-8
Y3Vyc29yOnYyOpIAzgXNmi8=,jamesab1969,2017-8
Y3Vyc29yOnYyOpIAzgXSVk0=,nocomer,2017-9
Y3Vyc29yOnYyOpIAzgXSzqE=,zuiyicanxue,2017-9
Y3Vyc29yOnYyOpIAzgXWPSs=,freepow,2017-9
Y3Vyc29yOnYyOpIAzgXZVL4=,ziplus4,2017-9
Y3Vyc29yOnYyOpIAzgXbP54=,santoshraju621,2017-9
Y3Vyc29yOnYyOpIAzgXf9hw=,PriyankGahtori,2017-9
Y3Vyc29yOnYyOpIAzgXhIzg=,braveFeng,2017-9
Y3Vyc29yOnYyOpIAzgXjQhA=,codertrz,2017-9
Y3Vyc29yOnYyOpIAzgXkMGQ=,RodgerLai,2017-9
Y3Vyc29yOnYyOpIAzgXkOsM=,0605,2017-9
Y3Vyc29yOnYyOpIAzgXmKaQ=,RoyZeng,2017-9
Y3Vyc29yOnYyOpIAzgXoSPs=,ZHENGZHENGRONG,2017-9
Y3Vyc29yOnYyOpIAzgXoaX8=,sevladmain,2017-9
Y3Vyc29yOnYyOpIAzgXseNY=,matinalhope,2017-9
Y3Vyc29yOnYyOpIAzgXu-KQ=,PaskoZhelev,2017-9
Y3Vyc29yOnYyOpIAzgXwVdU=,swimmingCreative,2017-9
Y3Vyc29yOnYyOpIAzgXxH4g=,Frunck8206,2017-9
Y3Vyc29yOnYyOpIAzgX4XFU=,magaton,2017-9
Y3Vyc29yOnYyOpIAzgX9yfw=,viewpnt,2017-10
Y3Vyc29yOnYyOpIAzgX_p4k=,zk4,2017-10
Y3Vyc29yOnYyOpIAzgYCKhQ=,cch0,2017-10
Y3Vyc29yOnYyOpIAzgYE340=,vmdao,2017-10
Y3Vyc29yOnYyOpIAzgYGZMY=,yp2211,2017-10
Y3Vyc29yOnYyOpIAzgYHprY=,zjjxxlgb,2017-10
Y3Vyc29yOnYyOpIAzgYNWX0=,aboutyang,2017-10
Y3Vyc29yOnYyOpIAzgYN3ug=,rayGobel,2017-10
Y3Vyc29yOnYyOpIAzgYO2yU=,jibrel,2017-10
Y3Vyc29yOnYyOpIAzgYQ4XA=,demeero,2017-10
Y3Vyc29yOnYyOpIAzgYRARo=,heyuno,2017-10
Y3Vyc29yOnYyOpIAzgYTMHg=,JuRogn,2017-10
Y3Vyc29yOnYyOpIAzgYarQk=,duanhong169,2017-10
Y3Vyc29yOnYyOpIAzgYb-yM=,ulongx,2017-10
Y3Vyc29yOnYyOpIAzgYco4c=,sofandani,2017-10
Y3Vyc29yOnYyOpIAzgYfCoY=,andrewstuart,2017-10
Y3Vyc29yOnYyOpIAzgYmpVM=,noodlesjh,2017-10
Y3Vyc29yOnYyOpIAzgYpSfc=,bitlin,2017-11
Y3Vyc29yOnYyOpIAzgYwVR4=,lj1985730,2017-11
Y3Vyc29yOnYyOpIAzgYwZB8=,zhousuper,2017-11
Y3Vyc29yOnYyOpIAzgYzHFo=,massfords,2017-11
Y3Vyc29yOnYyOpIAzgY8rIg=,lhr0909,2017-11
Y3Vyc29yOnYyOpIAzgY9qRg=,wenshenjun,2017-11
Y3Vyc29yOnYyOpIAzgY-v9A=,aimeryaya,2017-11
Y3Vyc29yOnYyOpIAzgY_mGI=,agnaldom,2017-11
Y3Vyc29yOnYyOpIAzgZAFJw=,sbbdhz08,2017-11
Y3Vyc29yOnYyOpIAzgZAoUc=,crashuxx,2017-11
Y3Vyc29yOnYyOpIAzgZAoXE=,lukaspajak,2017-11
Y3Vyc29yOnYyOpIAzgZBzX8=,cylazhm,2017-11
Y3Vyc29yOnYyOpIAzgZFnYU=,medoer,2017-11
Y3Vyc29yOnYyOpIAzgZHNco=,xhliu,2017-11
Y3Vyc29yOnYyOpIAzgZPjfo=,mehmetsunkur,2017-11
Y3Vyc29yOnYyOpIAzgZS8xQ=,shotforsky,2017-11
Y3Vyc29yOnYyOpIAzgZUNE4=,yonglehou,2017-11
Y3Vyc29yOnYyOpIAzgZUvfQ=,afthabvp,2017-11
Y3Vyc29yOnYyOpIAzgZXP2I=,russo595,2017-11
Y3Vyc29yOnYyOpIAzgZZ_LM=,gluvce,2017-12
Y3Vyc29yOnYyOpIAzgZcTJ0=,xb6,2017-12
Y3Vyc29yOnYyOpIAzgZgjLI=,shil-singh,2017-12
Y3Vyc29yOnYyOpIAzgZnro0=,jwgmeligmeyling,2017-12
Y3Vyc29yOnYyOpIAzgZpfmc=,grubxy,2017-12
Y3Vyc29yOnYyOpIAzgZqz2A=,DamianSheldon,2017-12
Y3Vyc29yOnYyOpIAzgZvq7w=,angaya,2017-12
Y3Vyc29yOnYyOpIAzgZzi7o=,lokth,2017-12
Y3Vyc29yOnYyOpIAzgZ2BxI=,Jinhak-kim,2017-12
Y3Vyc29yOnYyOpIAzgZ2Vro=,aihua,2017-12
Y3Vyc29yOnYyOpIAzgZ4XsU=,lruihan,2017-12
Y3Vyc29yOnYyOpIAzgZ5ZnM=,black4eyes,2017-12
Y3Vyc29yOnYyOpIAzgZ8jDw=,jpknox,2017-12
Y3Vyc29yOnYyOpIAzgZ96VE=,henren555,2017-12
Y3Vyc29yOnYyOpIAzgaBPBA=,rumble32,2017-12
Y3Vyc29yOnYyOpIAzgaHOwY=,a-magdy,2018-1
Y3Vyc29yOnYyOpIAzgaHjCY=,dickzh,2018-1
Y3Vyc29yOnYyOpIAzgaJhrc=,hyungmok,2018-1
Y3Vyc29yOnYyOpIAzgaKjTE=,andynjux,2018-1
Y3Vyc29yOnYyOpIAzgaLSxE=,sjrogers,2018-1
Y3Vyc29yOnYyOpIAzgaRtsU=,ekofedriyanto,2018-1
Y3Vyc29yOnYyOpIAzgaT6oM=,petrica,2018-1
Y3Vyc29yOnYyOpIAzgaVbgU=,ayo-dele,2018-1
Y3Vyc29yOnYyOpIAzgaaYtI=,rishabh9,2018-1
Y3Vyc29yOnYyOpIAzgaewIw=,yc5424tl,2018-1
Y3Vyc29yOnYyOpIAzgajCCo=,baskin,2018-1
Y3Vyc29yOnYyOpIAzgakvzU=,xanderksh,2018-1
Y3Vyc29yOnYyOpIAzgataLc=,gluckzhang,2018-1
Y3Vyc29yOnYyOpIAzgaw3EY=,pkvov,2018-1
Y3Vyc29yOnYyOpIAzgaxU18=,chenshao0594,2018-1
Y3Vyc29yOnYyOpIAzgazUWI=,MaleyDenis,2018-1
Y3Vyc29yOnYyOpIAzga5Yyc=,t3sec,2018-1
Y3Vyc29yOnYyOpIAzga6xj0=,webmozart,2018-1
Y3Vyc29yOnYyOpIAzga-1XU=,celestiaw,2018-2
Y3Vyc29yOnYyOpIAzgbAICg=,martin8877,2018-2
Y3Vyc29yOnYyOpIAzgbAqa4=,woniper,2018-2
Y3Vyc29yOnYyOpIAzgbHAz0=,jlutt,2018-2
Y3Vyc29yOnYyOpIAzgbKv90=,fishpro,2018-2
Y3Vyc29yOnYyOpIAzgbb0gc=,noel-lang,2018-2
Y3Vyc29yOnYyOpIAzgbcbJs=,mszklarski,2018-2
Y3Vyc29yOnYyOpIAzgbe1t0=,marjinal1st,2018-2
Y3Vyc29yOnYyOpIAzgbe34o=,salahatwa,2018-2
Y3Vyc29yOnYyOpIAzgbiw2k=,hiejulia,2018-2
Y3Vyc29yOnYyOpIAzgbqGUQ=,avpet,2018-2
Y3Vyc29yOnYyOpIAzgbs7X0=,modulexcite,2018-3
Y3Vyc29yOnYyOpIAzgbtdDM=,BryantDavidDavis,2018-3
Y3Vyc29yOnYyOpIAzgbun5E=,StefanL1n,2018-3
Y3Vyc29yOnYyOpIAzgbuuUU=,kktam,2018-3
Y3Vyc29yOnYyOpIAzgbxDOQ=,hoangthao,2018-3
Y3Vyc29yOnYyOpIAzgbxPIE=,mshirdel,2018-3
Y3Vyc29yOnYyOpIAzgbyki8=,mashukgit,2018-3
Y3Vyc29yOnYyOpIAzgb1QKk=,JustinCRL,2018-3
Y3Vyc29yOnYyOpIAzgb6IMU=,frankliwestpac,2018-3
Y3Vyc29yOnYyOpIAzgb6yj8=,oha2004,2018-3
Y3Vyc29yOnYyOpIAzgb6y08=,aminebgr,2018-3
Y3Vyc29yOnYyOpIAzgb6y7o=,chemsklt,2018-3
Y3Vyc29yOnYyOpIAzgb7fQI=,ingridmachado,2018-3
Y3Vyc29yOnYyOpIAzgb7814=,bupthcp,2018-3
Y3Vyc29yOnYyOpIAzgcJrZA=,theProgramm,2018-3
Y3Vyc29yOnYyOpIAzgcKPmg=,foamfish,2018-3
Y3Vyc29yOnYyOpIAzgcKPwY=,itopany,2018-3
Y3Vyc29yOnYyOpIAzgcKxnM=,Maneng,2018-3
Y3Vyc29yOnYyOpIAzgcK1gE=,leadechao,2018-3
Y3Vyc29yOnYyOpIAzgcVp8k=,gtiwari333,2018-3
Y3Vyc29yOnYyOpIAzgcW6y0=,rockbird,2018-3
Y3Vyc29yOnYyOpIAzgcchis=,Sod-Momas,2018-3
Y3Vyc29yOnYyOpIAzgccjMk=,emailtohl,2018-3
Y3Vyc29yOnYyOpIAzgcfcbI=,mozdal,2018-3
Y3Vyc29yOnYyOpIAzgci6as=,VaibhavJain,2018-3
Y3Vyc29yOnYyOpIAzgcl33Q=,loneosama,2018-4
Y3Vyc29yOnYyOpIAzgcme2M=,vachich,2018-4
Y3Vyc29yOnYyOpIAzgcuGnk=,yugaga,2018-4
Y3Vyc29yOnYyOpIAzgc-q4g=,lynings,2018-4
Y3Vyc29yOnYyOpIAzgc_7qo=,cabbage89,2018-4
Y3Vyc29yOnYyOpIAzgdAFw4=,yang-dw,2018-4
Y3Vyc29yOnYyOpIAzgdAIuk=,cjqCN,2018-4
Y3Vyc29yOnYyOpIAzgdAYc8=,ionething,2018-4
Y3Vyc29yOnYyOpIAzgdAkQQ=,wanghy6503,2018-4
Y3Vyc29yOnYyOpIAzgdBvm0=,lixiaoyinggithub,2018-4
Y3Vyc29yOnYyOpIAzgdDOFs=,ghelammalek,2018-4
Y3Vyc29yOnYyOpIAzgdOMeU=,evertonz23,2018-4
Y3Vyc29yOnYyOpIAzgdWTzE=,zjqian908,2018-4
Y3Vyc29yOnYyOpIAzgdWxmY=,ninjayoto,2018-4
Y3Vyc29yOnYyOpIAzgdaTwg=,SanctaCC,2018-4
Y3Vyc29yOnYyOpIAzgdlAH8=,annicarol,2018-5
Y3Vyc29yOnYyOpIAzgdlZOY=,iamwent,2018-5
Y3Vyc29yOnYyOpIAzgdmrik=,johnemmanuel,2018-5
Y3Vyc29yOnYyOpIAzgdophw=,inventrik,2018-5
Y3Vyc29yOnYyOpIAzgdpUWw=,wangyan-dlut,2018-5
Y3Vyc29yOnYyOpIAzgdq5lM=,ezhuang,2018-5
Y3Vyc29yOnYyOpIAzgdxQxY=,diogopatto,2018-5
Y3Vyc29yOnYyOpIAzgd3LfQ=,kaelzhang81,2018-5
Y3Vyc29yOnYyOpIAzgeD9nE=,hone5t,2018-5
Y3Vyc29yOnYyOpIAzgeEKfE=,hankwumomo,2018-5
Y3Vyc29yOnYyOpIAzgeE_io=,poweribo,2018-5
Y3Vyc29yOnYyOpIAzgeJkec=,DeusBit,2018-5
Y3Vyc29yOnYyOpIAzgeL2GA=,yanchongsheng,2018-5
Y3Vyc29yOnYyOpIAzgePJbM=,watson-song,2018-5
Y3Vyc29yOnYyOpIAzgeXJBE=,islowcity,2018-6
Y3Vyc29yOnYyOpIAzgeXoQw=,RoWisdom,2018-6
Y3Vyc29yOnYyOpIAzgeZjqM=,zhangj311,2018-6
Y3Vyc29yOnYyOpIAzgeczT4=,nbh520,2018-6
Y3Vyc29yOnYyOpIAzgeephA=,zaidirfan,2018-6
Y3Vyc29yOnYyOpIAzgeesnE=,stephshum,2018-6
Y3Vyc29yOnYyOpIAzgen0io=,devnarayanprasad,2018-6
Y3Vyc29yOnYyOpIAzgesBxM=,jkornata,2018-6
Y3Vyc29yOnYyOpIAzgeyXuQ=,chenzipeng1990,2018-6
Y3Vyc29yOnYyOpIAzgeyhqo=,Enitsed,2018-6
Y3Vyc29yOnYyOpIAzge1-5Y=,jmgsquared214,2018-6
Y3Vyc29yOnYyOpIAzge4U4I=,wenweihu86,2018-6
Y3Vyc29yOnYyOpIAzge5IV4=,beiyouren101,2018-6
Y3Vyc29yOnYyOpIAzge5cAo=,ykgarfield,2018-6
Y3Vyc29yOnYyOpIAzge5nLs=,aster-anto,2018-6
Y3Vyc29yOnYyOpIAzge6L2Q=,kostark,2018-6
Y3Vyc29yOnYyOpIAzge-IcY=,daiqing2009,2018-6
Y3Vyc29yOnYyOpIAzge_4NY=,ilker0,2018-6
Y3Vyc29yOnYyOpIAzgfKAVc=,aungthawaye,2018-7
Y3Vyc29yOnYyOpIAzgfMtzE=,k-hasan-19,2018-7
Y3Vyc29yOnYyOpIAzgfNvHU=,gdiazs,2018-7
Y3Vyc29yOnYyOpIAzgfRI0I=,linjun,2018-7
Y3Vyc29yOnYyOpIAzgfYrnQ=,masterix,2018-7
Y3Vyc29yOnYyOpIAzgfZETU=,jacekmusial,2018-7
Y3Vyc29yOnYyOpIAzgfgzf4=,exexzian,2018-7
Y3Vyc29yOnYyOpIAzgfjSDc=,m430,2018-7
Y3Vyc29yOnYyOpIAzgfjfSQ=,xiaozhuo,2018-7
Y3Vyc29yOnYyOpIAzgfpbTA=,zdnz,2018-7
Y3Vyc29yOnYyOpIAzgfsIdU=,vaspaean,2018-7
Y3Vyc29yOnYyOpIAzgfsrTM=,enzozyx,2018-7
Y3Vyc29yOnYyOpIAzgft-nE=,idea0v0,2018-7
Y3Vyc29yOnYyOpIAzgfwFTk=,irakov,2018-7
Y3Vyc29yOnYyOpIAzgf8d9s=,kevintrannz,2018-8
Y3Vyc29yOnYyOpIAzgf9FZQ=,SergioSSJ,2018-8
Y3Vyc29yOnYyOpIAzgf9lqI=,singhajay7,2018-8
Y3Vyc29yOnYyOpIAzggCKhw=,luisfelipegodoi,2018-8
Y3Vyc29yOnYyOpIAzggHsZQ=,ggulmool,2018-8
Y3Vyc29yOnYyOpIAzggUUKY=,roadt,2018-8
Y3Vyc29yOnYyOpIAzggWq30=,sandhya2304,2018-8
Y3Vyc29yOnYyOpIAzgga764=,Strang,2018-8
Y3Vyc29yOnYyOpIAzggeyKs=,freedjango,2018-8
Y3Vyc29yOnYyOpIAzggjM48=,eugenegwon,2018-8
Y3Vyc29yOnYyOpIAzggpl3k=,kennyworld,2018-8
Y3Vyc29yOnYyOpIAzggqfQY=,sirmyron,2018-8
Y3Vyc29yOnYyOpIAzggsAXc=,younisd,2018-9
Y3Vyc29yOnYyOpIAzggwQyE=,xiaolong7713,2018-9
Y3Vyc29yOnYyOpIAzggz6iw=,JorkeMooN,2018-9
Y3Vyc29yOnYyOpIAzgg3pGg=,the-x-man,2018-9
Y3Vyc29yOnYyOpIAzgg4uPc=,iamsongpeng,2018-9
Y3Vyc29yOnYyOpIAzgg-U8o=,DemonRem,2018-9
Y3Vyc29yOnYyOpIAzgg_tJM=,GitHubJiang,2018-9
Y3Vyc29yOnYyOpIAzghEdNE=,judef1,2018-9
Y3Vyc29yOnYyOpIAzghGbE0=,Mistral,2018-9
Y3Vyc29yOnYyOpIAzghJm8w=,PreacherJing,2018-9
Y3Vyc29yOnYyOpIAzghKMb0=,wanghongbin99,2018-9
Y3Vyc29yOnYyOpIAzghL4qU=,towith,2018-9
Y3Vyc29yOnYyOpIAzghM3Wk=,artem0,2018-9
Y3Vyc29yOnYyOpIAzghN4MQ=,stinymac,2018-9
Y3Vyc29yOnYyOpIAzghQEsI=,lizhanmit,2018-9
Y3Vyc29yOnYyOpIAzghRy4Y=,rim99,2018-9
Y3Vyc29yOnYyOpIAzghVFIE=,pkhn12,2018-9
Y3Vyc29yOnYyOpIAzghV1ks=,aiterramimine,2018-9
Y3Vyc29yOnYyOpIAzghYbro=,heun,2018-9
Y3Vyc29yOnYyOpIAzghaOkU=,mfsi-nirmitm,2018-9
Y3Vyc29yOnYyOpIAzghk-Oc=,thinkermsandi,2018-10
Y3Vyc29yOnYyOpIAzghoTYo=,AdrianBesleaga,2018-10
Y3Vyc29yOnYyOpIAzghsTr8=,KieCap,2018-10
Y3Vyc29yOnYyOpIAzghs3KU=,jon-chiou,2018-10
Y3Vyc29yOnYyOpIAzghvvQY=,patrickpeng2091,2018-10
Y3Vyc29yOnYyOpIAzgh4y3g=,nmoerbeek,2018-10
Y3Vyc29yOnYyOpIAzgiBrCw=,ForC180331,2018-10
Y3Vyc29yOnYyOpIAzgiGt4U=,jemissary,2018-10
Y3Vyc29yOnYyOpIAzgiNTcw=,sathishkumar95,2018-10
Y3Vyc29yOnYyOpIAzgidz-M=,hhcha,2018-11
Y3Vyc29yOnYyOpIAzgieSOs=,gerarldlee,2018-11
Y3Vyc29yOnYyOpIAzgiekzo=,sugarzhao,2018-11
Y3Vyc29yOnYyOpIAzgies0M=,themarquee,2018-11
Y3Vyc29yOnYyOpIAzgii4XE=,KamilSzerlag,2018-11
Y3Vyc29yOnYyOpIAzgijaZw=,reny77,2018-11
Y3Vyc29yOnYyOpIAzgip4v8=,wiphombear,2018-11
Y3Vyc29yOnYyOpIAzgirEZU=,carlocaetano,2018-11
Y3Vyc29yOnYyOpIAzgiroKQ=,stumpner,2018-11
Y3Vyc29yOnYyOpIAzgiwe-4=,lostmemoryhp,2018-11
Y3Vyc29yOnYyOpIAzgizQNQ=,NewSNode,2018-11
Y3Vyc29yOnYyOpIAzgi26hA=,sharif2008,2018-11
Y3Vyc29yOnYyOpIAzgi4HBs=,abdelgadir,2018-11
Y3Vyc29yOnYyOpIAzgi6gAo=,dinghu,2018-11
Y3Vyc29yOnYyOpIAzgjCqtM=,pilishen,2018-11
Y3Vyc29yOnYyOpIAzgjJYPQ=,dttai1995,2018-12
Y3Vyc29yOnYyOpIAzgjKmlY=,Beksir,2018-12
Y3Vyc29yOnYyOpIAzgjNITM=,mahuilong,2018-12
Y3Vyc29yOnYyOpIAzgjRPI4=,willianmfaria,2018-12
Y3Vyc29yOnYyOpIAzgjRcfw=,b-vadym,2018-12
Y3Vyc29yOnYyOpIAzgjXuME=,weigd2013,2018-12
Y3Vyc29yOnYyOpIAzgjaPd4=,liamo7,2018-12
Y3Vyc29yOnYyOpIAzgjdysw=,wxgang168,2018-12
Y3Vyc29yOnYyOpIAzgjgM0k=,Nuscly,2018-12
Y3Vyc29yOnYyOpIAzgjhtzo=,Miazzy,2018-12
Y3Vyc29yOnYyOpIAzgjlQD0=,naveenwashere,2018-12
Y3Vyc29yOnYyOpIAzgjpaZw=,springdyhub,2018-12
Y3Vyc29yOnYyOpIAzgjsgP0=,happyfridaycode,2018-12
Y3Vyc29yOnYyOpIAzgjuXk4=,a6330452,2018-12
Y3Vyc29yOnYyOpIAzgjx7w8=,Nongzhsh,2018-12
Y3Vyc29yOnYyOpIAzgj-ofk=,akovbovich,2018-12
Y3Vyc29yOnYyOpIAzgj_xeE=,lml2014,2019-1
Y3Vyc29yOnYyOpIAzgkAxHE=,Novemser,2019-1
Y3Vyc29yOnYyOpIAzgkJdcc=,CoderDuMeng,2019-1
Y3Vyc29yOnYyOpIAzgkNnZk=,robin-rozo,2019-1
Y3Vyc29yOnYyOpIAzgkO5D4=,wangzhitao81,2019-1
Y3Vyc29yOnYyOpIAzgkPWxc=,elektropay,2019-1
Y3Vyc29yOnYyOpIAzgkox0o=,JeffreyXieCn,2019-1
Y3Vyc29yOnYyOpIAzgkp71k=,saminfante,2019-1
Y3Vyc29yOnYyOpIAzgk7zkg=,epontes,2019-1
Y3Vyc29yOnYyOpIAzglCFK0=,aalsaud,2019-2
Y3Vyc29yOnYyOpIAzglDlAw=,SANGCO,2019-2
Y3Vyc29yOnYyOpIAzglGr8Y=,linmingren,2019-2
Y3Vyc29yOnYyOpIAzglJ9fc=,GongHG,2019-2
Y3Vyc29yOnYyOpIAzglM4gg=,phohtoo,2019-2
Y3Vyc29yOnYyOpIAzglNDvU=,ayasrah,2019-2
Y3Vyc29yOnYyOpIAzglR9is=,zhaolic39,2019-2
Y3Vyc29yOnYyOpIAzglmKQw=,inbreaks,2019-2
Y3Vyc29yOnYyOpIAzglt898=,mfedirko,2019-2
Y3Vyc29yOnYyOpIAzglwMlw=,laingke,2019-2
Y3Vyc29yOnYyOpIAzgl0yGM=,ngeen,2019-2
Y3Vyc29yOnYyOpIAzgl1mS8=,JiaRG,2019-3
Y3Vyc29yOnYyOpIAzgl5PZg=,tangsz123,2019-3
Y3Vyc29yOnYyOpIAzgl78_g=,sahujaunpuri,2019-3
Y3Vyc29yOnYyOpIAzgl9AVQ=,charles0212,2019-3
Y3Vyc29yOnYyOpIAzgmPdP0=,cole2295,2019-3
Y3Vyc29yOnYyOpIAzgmSNPU=,lcl2233,2019-3
Y3Vyc29yOnYyOpIAzgmezNc=,listellodavide,2019-3
Y3Vyc29yOnYyOpIAzgmfNHA=,MinChanSike,2019-3
Y3Vyc29yOnYyOpIAzgmjKhs=,daviddevel,2019-3
Y3Vyc29yOnYyOpIAzgmkYP8=,luguodushi,2019-3
Y3Vyc29yOnYyOpIAzgmpJyY=,raoufghalem,2019-3
Y3Vyc29yOnYyOpIAzgmpa0I=,cfpperche,2019-3
Y3Vyc29yOnYyOpIAzgmqv5w=,huzhennan,2019-3
Y3Vyc29yOnYyOpIAzgmsCC0=,todotobe1,2019-3
Y3Vyc29yOnYyOpIAzgm_iBo=,bobofu,2019-4
Y3Vyc29yOnYyOpIAzgnDeko=,ankit-sf,2019-4
Y3Vyc29yOnYyOpIAzgnGNlY=,kpotnuru,2019-4
Y3Vyc29yOnYyOpIAzgnNBog=,onlinesilence,2019-4
Y3Vyc29yOnYyOpIAzgnN9D4=,iguanaMartinOrtega,2019-4
Y3Vyc29yOnYyOpIAzgnOObY=,Widcket,2019-4
Y3Vyc29yOnYyOpIAzgnQ1Q8=,lucioll,2019-4
Y3Vyc29yOnYyOpIAzgnSpJQ=,ranjankumar-gh,2019-4
Y3Vyc29yOnYyOpIAzgnXKV8=,pascalskillz,2019-4
Y3Vyc29yOnYyOpIAzgnXOVc=,Kiarahmani,2019-4
Y3Vyc29yOnYyOpIAzgnemx4=,Philipinho,2019-4
Y3Vyc29yOnYyOpIAzgnlp6g=,zhjiangexe,2019-4
Y3Vyc29yOnYyOpIAzgnx4F8=,liujianghui,2019-4
Y3Vyc29yOnYyOpIAzgn9s58=,luguo1331,2019-4
Y3Vyc29yOnYyOpIAzgoGy5Y=,moonfeng,2019-5
Y3Vyc29yOnYyOpIAzgoKgRc=,isnotavailable,2019-5
Y3Vyc29yOnYyOpIAzgoKoSY=,aceinthedeck,2019-5
Y3Vyc29yOnYyOpIAzgoYssM=,richardgong1987,2019-5
Y3Vyc29yOnYyOpIAzgoY6NQ=,cva3614,2019-5
Y3Vyc29yOnYyOpIAzgobFzs=,xmoooz,2019-5
Y3Vyc29yOnYyOpIAzgoc4hc=,zqxin45,2019-5
Y3Vyc29yOnYyOpIAzgoemOk=,loopion,2019-5
Y3Vyc29yOnYyOpIAzgohyzg=,sapun4ik,2019-5
Y3Vyc29yOnYyOpIAzgoiBgg=,koukinkou,2019-5
Y3Vyc29yOnYyOpIAzgonvxk=,abehrani,2019-5
Y3Vyc29yOnYyOpIAzgo4F3U=,lyjswwjsly,2019-5
Y3Vyc29yOnYyOpIAzgo_NTI=,bootinge,2019-5
Y3Vyc29yOnYyOpIAzgpDCTU=,bjjvvv,2019-5
Y3Vyc29yOnYyOpIAzgpDgys=,alanoteles,2019-5
Y3Vyc29yOnYyOpIAzgpHtoQ=,Gustavokovalski,2019-5
Y3Vyc29yOnYyOpIAzgpJsp8=,gety9,2019-6
Y3Vyc29yOnYyOpIAzgpVdpo=,vkdinventor,2019-6
Y3Vyc29yOnYyOpIAzgpWmqs=,white8963,2019-6
Y3Vyc29yOnYyOpIAzgprSLM=,xeoneux,2019-6
Y3Vyc29yOnYyOpIAzgp6EWs=,phishsticks,2019-6
Y3Vyc29yOnYyOpIAzgqIMyE=,Skarumuri87,2019-7
Y3Vyc29yOnYyOpIAzgqb4HQ=,ft0907,2019-7
Y3Vyc29yOnYyOpIAzgqcB6Y=,PureLandFlying,2019-7
Y3Vyc29yOnYyOpIAzgqjgR8=,liuyueit,2019-7
Y3Vyc29yOnYyOpIAzgqmOLo=,loymollel,2019-7
Y3Vyc29yOnYyOpIAzgqqFFQ=,odirus,2019-7
Y3Vyc29yOnYyOpIAzgqrMXs=,ashishtanwer,2019-7
Y3Vyc29yOnYyOpIAzgqv-Tw=,kjproj84,2019-7
Y3Vyc29yOnYyOpIAzgqz5jU=,qajybay,2019-7
Y3Vyc29yOnYyOpIAzgq44kw=,Warheart666,2019-7
Y3Vyc29yOnYyOpIAzgq8-OM=,maithanhduyan,2019-7
Y3Vyc29yOnYyOpIAzgrMP70=,ShenJiahuan,2019-8
Y3Vyc29yOnYyOpIAzgrSIZA=,lzy-life,2019-8
Y3Vyc29yOnYyOpIAzgrVzvs=,TristinDavis,2019-8
Y3Vyc29yOnYyOpIAzgrlREM=,PhuocVo,2019-8
Y3Vyc29yOnYyOpIAzgrnGAI=,wangliangacc,2019-8
Y3Vyc29yOnYyOpIAzgrnZ0A=,joveli,2019-8
Y3Vyc29yOnYyOpIAzgrr-xY=,tairan,2019-8
Y3Vyc29yOnYyOpIAzgr8X3s=,afeicool,2019-8
Y3Vyc29yOnYyOpIAzgr-zBE=,tttxxx,2019-8
Y3Vyc29yOnYyOpIAzgsJO7s=,lofidewanto,2019-9
Y3Vyc29yOnYyOpIAzgsSYLA=,huayaoyue6,2019-9
Y3Vyc29yOnYyOpIAzgsUabc=,sayyidisal,2019-9
Y3Vyc29yOnYyOpIAzgsY6pQ=,vovche,2019-9
Y3Vyc29yOnYyOpIAzgslLt4=,Bikraji,2019-9
Y3Vyc29yOnYyOpIAzgsv2bo=,daimons,2019-9
Y3Vyc29yOnYyOpIAzgswEY0=,meghraj27,2019-9
Y3Vyc29yOnYyOpIAzgs2OMQ=,minhazur-piash,2019-9
Y3Vyc29yOnYyOpIAzgtADZw=,sudharshanc,2019-10
Y3Vyc29yOnYyOpIAzgtJ1gQ=,derveloper,2019-10
Y3Vyc29yOnYyOpIAzgtT8do=,tqtifnypmb,2019-10
Y3Vyc29yOnYyOpIAzgtZnj0=,leturtle,2019-10
Y3Vyc29yOnYyOpIAzgtias4=,asilverskold,2019-10
Y3Vyc29yOnYyOpIAzgtlPoU=,smile2014,2019-10
Y3Vyc29yOnYyOpIAzgtlY4M=,xuhaijiang,2019-10
Y3Vyc29yOnYyOpIAzgtnMwI=,patrykcyrzan,2019-10
Y3Vyc29yOnYyOpIAzgtoAi4=,atscosta,2019-10
Y3Vyc29yOnYyOpIAzgtwfdM=,lzqbegin,2019-10
Y3Vyc29yOnYyOpIAzgt6iQ4=,ch0nch0l,2019-10
Y3Vyc29yOnYyOpIAzgt6oGQ=,francopo,2019-10
Y3Vyc29yOnYyOpIAzgt-mAY=,ericmm,2019-11
Y3Vyc29yOnYyOpIAzguBGkA=,jiayoucoding,2019-11
Y3Vyc29yOnYyOpIAzguEqtk=,alekpopiolek,2019-11
Y3Vyc29yOnYyOpIAzguE9dM=,jayeshgharat,2019-11
Y3Vyc29yOnYyOpIAzguY9NY=,Jallermax,2019-11
Y3Vyc29yOnYyOpIAzguvHUE=,valtoni,2019-11
Y3Vyc29yOnYyOpIAzguvptQ=,Ferido07,2019-11
Y3Vyc29yOnYyOpIAzgu93rc=,nthusi-codes,2019-12
Y3Vyc29yOnYyOpIAzgvZfjw=,RoxyJNg,2019-12
Y3Vyc29yOnYyOpIAzgvssUE=,luckyLeoLee,2019-12
Y3Vyc29yOnYyOpIAzgv2qO0=,asafacihangir,2019-12
Y3Vyc29yOnYyOpIAzgv-FgY=,wtune,2020-1
Y3Vyc29yOnYyOpIAzgwE5Rs=,yukikyu,2020-1
Y3Vyc29yOnYyOpIAzgwFvKg=,sav,2020-1
Y3Vyc29yOnYyOpIAzgwF_CI=,elbelife,2020-1
Y3Vyc29yOnYyOpIAzgwINmg=,yifc,2020-1
Y3Vyc29yOnYyOpIAzgwPVJo=,DanielPetelin,2020-1
Y3Vyc29yOnYyOpIAzgwSBW8=,hoanghonn,2020-1
Y3Vyc29yOnYyOpIAzgwT8XU=,smallgod,2020-1
Y3Vyc29yOnYyOpIAzgwekcw=,qwefgh90,2020-1
Y3Vyc29yOnYyOpIAzgwfWWo=,collet,2020-1
Y3Vyc29yOnYyOpIAzgwi-d8=,moreyellowbirds,2020-1
Y3Vyc29yOnYyOpIAzgwj6Uo=,javactive,2020-1
Y3Vyc29yOnYyOpIAzgwrQQY=,GiteshDalal,2020-1
Y3Vyc29yOnYyOpIAzgwxr_0=,alevskyi,2020-2
Y3Vyc29yOnYyOpIAzgw2qBw=,favey,2020-2
Y3Vyc29yOnYyOpIAzgw5Nk4=,armandossrecife,2020-2
Y3Vyc29yOnYyOpIAzgw7puE=,caduleonel1988,2020-2
Y3Vyc29yOnYyOpIAzgw_2uw=,bzdel,2020-2
Y3Vyc29yOnYyOpIAzgxA41k=,buianhtai,2020-2
Y3Vyc29yOnYyOpIAzgxEXoA=,missaouib,2020-2
Y3Vyc29yOnYyOpIAzgxFV1k=,dlswo,2020-2
Y3Vyc29yOnYyOpIAzgxNFVs=,ithinksky,2020-2
Y3Vyc29yOnYyOpIAzgxN1k4=,nuguya,2020-2
Y3Vyc29yOnYyOpIAzgxVuYo=,pettan93,2020-2
Y3Vyc29yOnYyOpIAzgxYPdM=,romeo1978,2020-2
Y3Vyc29yOnYyOpIAzgxbJoI=,wangyan1856,2020-2
Y3Vyc29yOnYyOpIAzgxiQqs=,stvliu,2020-2
Y3Vyc29yOnYyOpIAzgxiW6M=,stoffsky,2020-2
Y3Vyc29yOnYyOpIAzgxtqDk=,neal2034,2020-3
Y3Vyc29yOnYyOpIAzgxuPUM=,tianxinjian1990,2020-3
Y3Vyc29yOnYyOpIAzgx6zjk=,adhyavenkat,2020-3
Y3Vyc29yOnYyOpIAzgx9aPM=,Kladdkaka,2020-3
Y3Vyc29yOnYyOpIAzgyCuZs=,yqmmm,2020-3
Y3Vyc29yOnYyOpIAzgyKVxs=,zengfanmao,2020-3
Y3Vyc29yOnYyOpIAzgyNyLI=,owenludong,2020-3
Y3Vyc29yOnYyOpIAzgyQ9G0=,andriantonee,2020-3
Y3Vyc29yOnYyOpIAzgyXCe0=,petersonbr,2020-3
Y3Vyc29yOnYyOpIAzgycdKU=,postBG,2020-3
Y3Vyc29yOnYyOpIAzgyczAs=,br33f,2020-3
Y3Vyc29yOnYyOpIAzgyd4EQ=,ersione,2020-3
Y3Vyc29yOnYyOpIAzgyjMzk=,chengjingfeng,2020-3
Y3Vyc29yOnYyOpIAzgywbh4=,bright2013,2020-4
Y3Vyc29yOnYyOpIAzgyzhmk=,weickdev,2020-4
Y3Vyc29yOnYyOpIAzgy0foo=,mauricio-jm,2020-4
Y3Vyc29yOnYyOpIAzgy4-lU=,rgcosta,2020-4
Y3Vyc29yOnYyOpIAzgy_9bs=,wendaoke,2020-4
Y3Vyc29yOnYyOpIAzgzCCIM=,saulojg,2020-4
Y3Vyc29yOnYyOpIAzgzCjcs=,xuanphi7895,2020-4
Y3Vyc29yOnYyOpIAzgzWVbQ=,rai-prashanna,2020-4
Y3Vyc29yOnYyOpIAzgzYpT4=,geovannyAvelar,2020-4
Y3Vyc29yOnYyOpIAzgza6f8=,ranjanprj,2020-4
Y3Vyc29yOnYyOpIAzgzehVo=,epca-job,2020-4
Y3Vyc29yOnYyOpIAzgzl9dM=,kagankuscu,2020-4
Y3Vyc29yOnYyOpIAzgzm-VA=,HPaulos,2020-4
Y3Vyc29yOnYyOpIAzgznP-Q=,timdk,2020-4
Y3Vyc29yOnYyOpIAzgz-o6w=,ziedfero,2020-5
Y3Vyc29yOnYyOpIAzgz_E8g=,anantjain6,2020-5
Y3Vyc29yOnYyOpIAzg0IcdE=,LeonardoWiest,2020-5
Y3Vyc29yOnYyOpIAzg0T17s=,dev4choonii,2020-5
Y3Vyc29yOnYyOpIAzg0UEhA=,fengwuxp,2020-5
Y3Vyc29yOnYyOpIAzg0W7DA=,merciof,2020-5
Y3Vyc29yOnYyOpIAzg0ZyTo=,jhonoviedomarquez,2020-5
Y3Vyc29yOnYyOpIAzg0zWSQ=,TheodoreCha,2020-5
Y3Vyc29yOnYyOpIAzg1BitQ=,GuanghuiW,2020-5
Y3Vyc29yOnYyOpIAzg1NgXw=,MilyGosc,2020-6
Y3Vyc29yOnYyOpIAzg1Ng7U=,TheAner,2020-6
Y3Vyc29yOnYyOpIAzg1Nt0U=,vitalikBirulya,2020-6
Y3Vyc29yOnYyOpIAzg1Prqs=,syedabdullahrahman,2020-6
Y3Vyc29yOnYyOpIAzg1SjEI=,arifrajib,2020-6
Y3Vyc29yOnYyOpIAzg1UH-4=,jamesmintram,2020-6
Y3Vyc29yOnYyOpIAzg1UO4s=,neodigm,2020-6
Y3Vyc29yOnYyOpIAzg1Vx90=,JacksonJang,2020-6
Y3Vyc29yOnYyOpIAzg1c9eE=,brucelau,2020-6
Y3Vyc29yOnYyOpIAzg1lOYo=,ptr1120,2020-6
Y3Vyc29yOnYyOpIAzg10UIc=,mirceag03,2020-6
Y3Vyc29yOnYyOpIAzg13qQs=,anyonghua,2020-6
Y3Vyc29yOnYyOpIAzg19ZsM=,coderrmt,2020-6
Y3Vyc29yOnYyOpIAzg19iDM=,xoojulian,2020-6
Y3Vyc29yOnYyOpIAzg2BDqE=,bhavyakamboj,2020-6
Y3Vyc29yOnYyOpIAzg2CFik=,rukhwill,2020-6
Y3Vyc29yOnYyOpIAzg2GGyg=,RaminMammadzada,2020-6
Y3Vyc29yOnYyOpIAzg2JVOY=,nguyenngan,2020-7
Y3Vyc29yOnYyOpIAzg2M42M=,createdforfunn,2020-7
Y3Vyc29yOnYyOpIAzg2W_3w=,MrDourado,2020-7
Y3Vyc29yOnYyOpIAzg2dUU4=,dladlk,2020-7
Y3Vyc29yOnYyOpIAzg2knqw=,ydcode,2020-7
Y3Vyc29yOnYyOpIAzg2ta6A=,Guidev001,2020-7
Y3Vyc29yOnYyOpIAzg2yAUQ=,kanastasov,2020-7
Y3Vyc29yOnYyOpIAzg249xg=,ZaqueuCavalcante,2020-7
Y3Vyc29yOnYyOpIAzg28g-0=,Abdyrasul,2020-7
Y3Vyc29yOnYyOpIAzg2-Kv8=,kapiveer,2020-7
Y3Vyc29yOnYyOpIAzg3A8_s=,mdmuradhossain,2020-7
Y3Vyc29yOnYyOpIAzg3GWbs=,seabreezevn,2020-7
Y3Vyc29yOnYyOpIAzg3NDBk=,huangbaihua001,2020-7
Y3Vyc29yOnYyOpIAzg3POlI=,csyezheng,2020-8
Y3Vyc29yOnYyOpIAzg3WqlY=,Tengify,2020-8
Y3Vyc29yOnYyOpIAzg3hjfI=,FernandoGV667,2020-8
Y3Vyc29yOnYyOpIAzg3nF6w=,erhn,2020-8
Y3Vyc29yOnYyOpIAzg3wg5w=,geeksada,2020-8
Y3Vyc29yOnYyOpIAzg3_MPw=,pawarchinmay27,2020-8
Y3Vyc29yOnYyOpIAzg4GH7U=,91jaeminjo,2020-8
Y3Vyc29yOnYyOpIAzg4QXYY=,DsTyM,2020-8
Y3Vyc29yOnYyOpIAzg4kiN4=,goldthelocks,2020-9
Y3Vyc29yOnYyOpIAzg4lInM=,geneoss,2020-9
Y3Vyc29yOnYyOpIAzg4m3-U=,yang-zhou,2020-9
Y3Vyc29yOnYyOpIAzg4nItY=,fajaralmu,2020-9
Y3Vyc29yOnYyOpIAzg4olUc=,wangyedong66,2020-9
Y3Vyc29yOnYyOpIAzg4qF1E=,iamsiddiquek,2020-9
Y3Vyc29yOnYyOpIAzg42Eec=,luffykid,2020-9
Y3Vyc29yOnYyOpIAzg492bM=,kasramp,2020-9
Y3Vyc29yOnYyOpIAzg4_tc4=,erpsolo,2020-9
Y3Vyc29yOnYyOpIAzg5BeJY=,VictorMagosso,2020-9
Y3Vyc29yOnYyOpIAzg5DTkQ=,tjykvuo,2020-9
Y3Vyc29yOnYyOpIAzg5GDpE=,wq1973,2020-9
Y3Vyc29yOnYyOpIAzg5YDSc=,chungchi300,2020-10
Y3Vyc29yOnYyOpIAzg5ZU6A=,Someshbose,2020-10
Y3Vyc29yOnYyOpIAzg5bWgk=,lehaSVV2009,2020-10
Y3Vyc29yOnYyOpIAzg5e9ok=,Cato-the-bold,2020-10
Y3Vyc29yOnYyOpIAzg5iJ84=,yajnasteju,2020-10
Y3Vyc29yOnYyOpIAzg5xsMg=,wofra,2020-10
Y3Vyc29yOnYyOpIAzg50DEc=,rvalledorjr,2020-10
Y3Vyc29yOnYyOpIAzg56MfM=,mossrasmuss,2020-10
Y3Vyc29yOnYyOpIAzg6J78c=,ilya144,2020-10
Y3Vyc29yOnYyOpIAzg6SmS4=,BigGitWorld,2020-10
Y3Vyc29yOnYyOpIAzg6cQ60=,Deee92,2020-11
Y3Vyc29yOnYyOpIAzg6lgm4=,Hebrh,2020-11
Y3Vyc29yOnYyOpIAzg68mv0=,sdrak94,2020-11
Y3Vyc29yOnYyOpIAzg7HOik=,samyabboute,2020-11
Y3Vyc29yOnYyOpIAzg7NqS8=,xiaohuij,2020-11
Y3Vyc29yOnYyOpIAzg7PQQc=,abir4l,2020-11
Y3Vyc29yOnYyOpIAzg7jiw4=,rnbguy,2020-12
Y3Vyc29yOnYyOpIAzg7mA2w=,AlexanderBellDev,2020-12
Y3Vyc29yOnYyOpIAzg7oatI=,ghemulyanto,2020-12
Y3Vyc29yOnYyOpIAzg7ypm0=,Odysseusliu,2020-12
Y3Vyc29yOnYyOpIAzg73ph8=,americanomin,2020-12
Y3Vyc29yOnYyOpIAzg736Uc=,ghaseminya,2020-12
Y3Vyc29yOnYyOpIAzg8BH_A=,danaidh,2020-12
Y3Vyc29yOnYyOpIAzg8Ks34=,Natthaphan,2020-12
Y3Vyc29yOnYyOpIAzg8MdU4=,bc67da8d,2020-12
Y3Vyc29yOnYyOpIAzg8MioI=,cycgattari,2020-12
Y3Vyc29yOnYyOpIAzg8bdfU=,geoffreymuchai,2020-12
Y3Vyc29yOnYyOpIAzg8ctLI=,cocota93,2020-12
Y3Vyc29yOnYyOpIAzg8f_Qg=,Amimul1234,2020-12
Y3Vyc29yOnYyOpIAzg8hjKE=,sowamy,2020-12
Y3Vyc29yOnYyOpIAzg8xCOM=,JuanPablooo,2021-1
Y3Vyc29yOnYyOpIAzg86Yd8=,whitespur,2021-1
Y3Vyc29yOnYyOpIAzg9Ext8=,CodingSpiderFox,2021-1
Y3Vyc29yOnYyOpIAzg9KGrw=,alexleisyd,2021-1
Y3Vyc29yOnYyOpIAzg9R0Vw=,twroessler,2021-1
Y3Vyc29yOnYyOpIAzg9TPjQ=,belovedbb-trunc,2021-1
Y3Vyc29yOnYyOpIAzg9U7uE=,rizwan192,2021-1
Y3Vyc29yOnYyOpIAzg9acgg=,sukruozdemir,2021-1
Y3Vyc29yOnYyOpIAzg9m6ZM=,gvsharma,2021-1
Y3Vyc29yOnYyOpIAzg-BT9M=,raisingstar,2021-2
Y3Vyc29yOnYyOpIAzg-IJ3g=,shahumar,2021-2
Y3Vyc29yOnYyOpIAzg-LnaI=,wantedhooni,2021-2
Y3Vyc29yOnYyOpIAzg-OrII=,398907877,2021-2
Y3Vyc29yOnYyOpIAzg-Ulys=,rajeshjha96,2021-2
Y3Vyc29yOnYyOpIAzg-gbrs=,iamanewofkotlin,2021-2
Y3Vyc29yOnYyOpIAzg-purE=,kunner,2021-2
Y3Vyc29yOnYyOpIAzg-szNA=,aGolduck,2021-2
Y3Vyc29yOnYyOpIAzg-u6mE=,kevin0x90,2021-2
Y3Vyc29yOnYyOpIAzg-4niY=,cesarsotovalero,2021-3
Y3Vyc29yOnYyOpIAzg-7VQw=,KimDoubleB,2021-3
Y3Vyc29yOnYyOpIAzg--doU=,snow365,2021-3
Y3Vyc29yOnYyOpIAzg_NcRw=,ankurgoel92,2021-3
Y3Vyc29yOnYyOpIAzg_RGME=,ByungJun25,2021-3
Y3Vyc29yOnYyOpIAzg_dcz4=,MariaMsu,2021-3
Y3Vyc29yOnYyOpIAzg_eslo=,hemeda3,2021-3
Y3Vyc29yOnYyOpIAzg_njR4=,diego-schivo,2021-3
Y3Vyc29yOnYyOpIAzg_qjlA=,Rostov1991,2021-3
Y3Vyc29yOnYyOpIAzg_yXas=,aprathoumvanh,2021-3
Y3Vyc29yOnYyOpIAzg_5Efk=,jschwartz73,2021-3
Y3Vyc29yOnYyOpIAzg_8HeU=,gaeulkim-29cm,2021-3
Y3Vyc29yOnYyOpIAzhAHRCs=,alvie97,2021-4
Y3Vyc29yOnYyOpIAzhAI0sQ=,Mia-jeong,2021-4
Y3Vyc29yOnYyOpIAzhAVTcU=,cheeseq,2021-4
Y3Vyc29yOnYyOpIAzhAaUXw=,zxwfj,2021-4
Y3Vyc29yOnYyOpIAzhAteqo=,narraboss,2021-4
Y3Vyc29yOnYyOpIAzhA2u-c=,cfmaniac,2021-4
Y3Vyc29yOnYyOpIAzhBAIaY=,ahmadfikrimasyhur,2021-4
Y3Vyc29yOnYyOpIAzhBCPgQ=,kidmam,2021-4
Y3Vyc29yOnYyOpIAzhBDI5I=,underbell,2021-4
Y3Vyc29yOnYyOpIAzhBMOmI=,azharsquared,2021-5
Y3Vyc29yOnYyOpIAzhBPiXw=,Arcadianer,2021-5
Y3Vyc29yOnYyOpIAzhBTvB8=,leeyorn,2021-5
Y3Vyc29yOnYyOpIAzhBm77Y=,cevelry,2021-5
Y3Vyc29yOnYyOpIAzhBttZ0=,jimcoly,2021-5
Y3Vyc29yOnYyOpIAzhB5pT4=,enlyn,2021-5
Y3Vyc29yOnYyOpIAzhCJC58=,whiskas,2021-5
Y3Vyc29yOnYyOpIAzhCWRR0=,challengeof,2021-6
Y3Vyc29yOnYyOpIAzhCZK0o=,nithirty,2021-6
Y3Vyc29yOnYyOpIAzhClpaY=,duonghan,2021-6
Y3Vyc29yOnYyOpIAzhCyj0Y=,HeshamSaleh,2021-6
Y3Vyc29yOnYyOpIAzhC59R0=,murugan-r,2021-6
Y3Vyc29yOnYyOpIAzhDABsk=,paparadva,2021-6
Y3Vyc29yOnYyOpIAzhDGA20=,Rebwon,2021-6
Y3Vyc29yOnYyOpIAzhDHXUU=,kimkuma,2021-6
Y3Vyc29yOnYyOpIAzhDKgZg=,hanrw,2021-6
Y3Vyc29yOnYyOpIAzhDn440=,Khalid-Abulsoud,2021-7
Y3Vyc29yOnYyOpIAzhDrfY0=,vigneshwaranit56,2021-7
Y3Vyc29yOnYyOpIAzhDwgfU=,junior-vs,2021-7
Y3Vyc29yOnYyOpIAzhDz6FA=,blu3gui7ar,2021-7
Y3Vyc29yOnYyOpIAzhEKwlM=,testing2007,2021-7
Y3Vyc29yOnYyOpIAzhEQ1co=,dediwsn,2021-7
Y3Vyc29yOnYyOpIAzhEV-5o=,henriqueln7,2021-7
Y3Vyc29yOnYyOpIAzhEWf-o=,locdang1999,2021-7
Y3Vyc29yOnYyOpIAzhEeu64=,zhenghaiyang2008,2021-7
Y3Vyc29yOnYyOpIAzhEfQRE=,eric-leihe,2021-7
Y3Vyc29yOnYyOpIAzhEqbyc=,frhan,2021-8
Y3Vyc29yOnYyOpIAzhErZPg=,jeffmacn,2021-8
Y3Vyc29yOnYyOpIAzhE2zRg=,valb3r,2021-8
Y3Vyc29yOnYyOpIAzhFWYq4=,pprivately,2021-8
Y3Vyc29yOnYyOpIAzhFhFTw=,kishaningithub,2021-8
Y3Vyc29yOnYyOpIAzhFtiyM=,ufuk,2021-9
Y3Vyc29yOnYyOpIAzhGQXB0=,vanducvo,2021-9
Y3Vyc29yOnYyOpIAzhGj-9I=,TuhinAl,2021-9
Y3Vyc29yOnYyOpIAzhGkYz8=,halilural,2021-9
Y3Vyc29yOnYyOpIAzhGx_Jk=,BBartosz,2021-10
Y3Vyc29yOnYyOpIAzhHH_a0=,pradityabagus,2021-10
Y3Vyc29yOnYyOpIAzhHMtOY=,raydian,2021-10
Y3Vyc29yOnYyOpIAzhHe8Eo=,princearoraaws,2021-10
Y3Vyc29yOnYyOpIAzhHycR8=,suryajit7,2021-10
Y3Vyc29yOnYyOpIAzhIPuFo=,SHUBHAM-96G,2021-11
Y3Vyc29yOnYyOpIAzhImCQc=,kerituni12,2021-11
Y3Vyc29yOnYyOpIAzhIqQFE=,congcoi123,2021-11
Y3Vyc29yOnYyOpIAzhJQbAU=,MiaoXiaoTao,2021-12
Y3Vyc29yOnYyOpIAzhJizP8=,Limheonjun,2021-12
Y3Vyc29yOnYyOpIAzhJq6Vs=,ismailb,2021-12
Y3Vyc29yOnYyOpIAzhKKS78=,baajarmeh,2021-12
Y3Vyc29yOnYyOpIAzhKUC1I=,dinhlong2k,2022-1
Y3Vyc29yOnYyOpIAzhK6keQ=,iyangmingming,2022-1
Y3Vyc29yOnYyOpIAzhLd-Fk=,StanislavIsaev,2022-1
Y3Vyc29yOnYyOpIAzhLp7GA=,magmine,2022-2
Y3Vyc29yOnYyOpIAzhLs2Zo=,kairat-kempirbaev,2022-2
Y3Vyc29yOnYyOpIAzhMDJO4=,JiaLe4284,2022-2
Y3Vyc29yOnYyOpIAzhMROmM=,jasoniem9246,2022-2
Y3Vyc29yOnYyOpIAzhMV2K8=,inlood,2022-2
Y3Vyc29yOnYyOpIAzhMpxe4=,cbtech-mo,2022-2
Y3Vyc29yOnYyOpIAzhMyOrs=,nullpointerexception11,2022-2
Y3Vyc29yOnYyOpIAzhNBVs8=,nice7677,2022-3
Y3Vyc29yOnYyOpIAzhNTFX0=,yurikgs,2022-3
Y3Vyc29yOnYyOpIAzhNcO4A=,gooama,2022-3
Y3Vyc29yOnYyOpIAzhN1V08=,Max4aters,2022-3
Y3Vyc29yOnYyOpIAzhOBdwg=,0l1v3rr,2022-3
Y3Vyc29yOnYyOpIAzhOCMvE=,collinsoops,2022-3
Y3Vyc29yOnYyOpIAzhOrJU0=,liuwei-tianshu,2022-4
Y3Vyc29yOnYyOpIAzhO24aw=,zhuoNy,2022-4
Y3Vyc29yOnYyOpIAzhO87Tg=,keepoi,2022-4
Y3Vyc29yOnYyOpIAzhO9Q6Y=,gxhao2020,2022-4
Y3Vyc29yOnYyOpIAzhPD__A=,ismlyldz,2022-4
Y3Vyc29yOnYyOpIAzhPHPQE=,StickChen,2022-4
Y3Vyc29yOnYyOpIAzhPWFwE=,AhmedGodaa,2022-4
Y3Vyc29yOnYyOpIAzhPcNU4=,brandonheath,2022-4
Y3Vyc29yOnYyOpIAzhPi4Kk=,csyangchsh,2022-5
Y3Vyc29yOnYyOpIAzhPkkLs=,JeffCarpenter,2022-5
Y3Vyc29yOnYyOpIAzhPmPVA=,patelanil,2022-5
Y3Vyc29yOnYyOpIAzhP5zGU=,TKONIY,2022-5
Y3Vyc29yOnYyOpIAzhQLXkY=,gunesi,2022-5
Y3Vyc29yOnYyOpIAzhQRQE8=,dahaejung-29cm,2022-5
Y3Vyc29yOnYyOpIAzhQRS78=,jungtaehun-29cm,2022-5
Y3Vyc29yOnYyOpIAzhQfCj0=,RaymondMahlaba,2022-5
Y3Vyc29yOnYyOpIAzhQr080=,deepak-m1shra,2022-5
Y3Vyc29yOnYyOpIAzhQ2V8c=,trucdp,2022-6
Y3Vyc29yOnYyOpIAzhQ8Xss=,baby636,2022-6
Y3Vyc29yOnYyOpIAzhREi7w=,Polynomeer,2022-6
Y3Vyc29yOnYyOpIAzhRLL6Q=,enochN,2022-6
Y3Vyc29yOnYyOpIAzhRqEJY=,luwen123,2022-6
Y3Vyc29yOnYyOpIAzhRtYs8=,netrous,2022-6
Y3Vyc29yOnYyOpIAzhR8mwE=,woodywoodpecker,2022-6
Y3Vyc29yOnYyOpIAzhSdPro=,hoanganh25991,2022-7
Y3Vyc29yOnYyOpIAzhSmQ10=,pavankhachane,2022-7
Y3Vyc29yOnYyOpIAzhS12bM=,SpaceConer,2022-7
Y3Vyc29yOnYyOpIAzhS5BoE=,kamilens,2022-7
Y3Vyc29yOnYyOpIAzhS-lrQ=,djassie,2022-7
Y3Vyc29yOnYyOpIAzhTCrF8=,WriteNBite,2022-7
Y3Vyc29yOnYyOpIAzhTq_uI=,always-on-the-run,2022-8
Y3Vyc29yOnYyOpIAzhTvy-U=,fzuzyp,2022-8
Y3Vyc29yOnYyOpIAzhT4RL0=,imran110219,2022-8
Y3Vyc29yOnYyOpIAzhUZh2w=,amirdeljouyi,2022-8
Y3Vyc29yOnYyOpIAzhUqvyk=,sunyuyangg555,2022-9
Y3Vyc29yOnYyOpIAzhU32_0=,pvrcode,2022-9
Y3Vyc29yOnYyOpIAzhU6jt0=,moamenhredeen,2022-9
Y3Vyc29yOnYyOpIAzhU_dM8=,bpolster,2022-9
Y3Vyc29yOnYyOpIAzhVVDfQ=,mehdirahimi,2022-9
Y3Vyc29yOnYyOpIAzhVZuMA=,akshaychoudhary200,2022-9
Y3Vyc29yOnYyOpIAzhVqVu0=,sniper-xx,2022-9
Y3Vyc29yOnYyOpIAzhVsxLI=,tqchu,2022-9
Y3Vyc29yOnYyOpIAzhVytXU=,yanweibing,2022-9
Y3Vyc29yOnYyOpIAzhV2fIY=,supertange,2022-9
Y3Vyc29yOnYyOpIAzhV-MHo=,ratulSharker,2022-10
Y3Vyc29yOnYyOpIAzhV-S44=,majbah08,2022-10
