login,cursor,starredAt
seanb4t,Y3Vyc29yOnYyOpIAzgAGw5k=,2011-7
mstine,Y3Vyc29yOnYyOpIAzgAMyNE=,2011-7
asargent,Y3Vyc29yOnYyOpIAzgARYOk=,2011-7
zmoog,Y3Vyc29yOnYyOpIAzgAUkAk=,2011-7
digitalsanctum,Y3Vyc29yOnYyOpIAzgAWyJw=,2011-7
Hejki,Y3Vyc29yOnYyOpIAzgAXmP4=,2011-7
khmarbaise,Y3Vyc29yOnYyOpIAzgAbzR0=,2011-7
jamescarr,Y3Vyc29yOnYyOpIAzgAc-jY=,2011-7
linux-china,Y3Vyc29yOnYyOpIAzgAdbwY=,2011-7
robyoung26,Y3Vyc29yOnYyOpIAzgAd2uI=,2011-7
joshlong,Y3Vyc29yOnYyOpIAzgAge88=,2011-7
intltechventures,Y3Vyc29yOnYyOpIAzgAg5y4=,2011-7
mcero,Y3Vyc29yOnYyOpIAzgAohco=,2011-7
snow8261,Y3Vyc29yOnYyOpIAzgAve50=,2011-7
pcholakov,Y3Vyc29yOnYyOpIAzgAxR08=,2011-7
dsyer,Y3Vyc29yOnYyOpIAzgAzTpc=,2011-7
dlaidlaw,Y3Vyc29yOnYyOpIAzgAzgS8=,2011-7
pankesh,Y3Vyc29yOnYyOpIAzgAzt5I=,2011-7
gastaoss,Y3Vyc29yOnYyOpIAzgA1CTc=,2011-7
berngp,Y3Vyc29yOnYyOpIAzgA1tZ0=,2011-7
markfisher,Y3Vyc29yOnYyOpIAzgA29WQ=,2011-7
jpartner,Y3Vyc29yOnYyOpIAzgA3rcA=,2011-7
oxlade39,Y3Vyc29yOnYyOpIAzgA3yEs=,2011-7
marcelofelix,Y3Vyc29yOnYyOpIAzgA6TrI=,2011-7
SorinS,Y3Vyc29yOnYyOpIAzgA78aM=,2011-7
kjunine,Y3Vyc29yOnYyOpIAzgA9E9Q=,2011-7
olegz,Y3Vyc29yOnYyOpIAzgA9dqY=,2011-7
ziqew,Y3Vyc29yOnYyOpIAzgA9u6U=,2011-7
ctilley,Y3Vyc29yOnYyOpIAzgA_PMg=,2011-7
daves,Y3Vyc29yOnYyOpIAzgBBE_Y=,2011-7
phantomwhale,Y3Vyc29yOnYyOpIAzgBGFKo=,2011-7
emeraldjava,Y3Vyc29yOnYyOpIAzgBHVnQ=,2011-7
benjaminwootton-zz,Y3Vyc29yOnYyOpIAzgBIS0k=,2011-7
billcrook,Y3Vyc29yOnYyOpIAzgBKKc8=,2011-7
tobique,Y3Vyc29yOnYyOpIAzgBLWcM=,2011-7
yangjiandong,Y3Vyc29yOnYyOpIAzgBMrzk=,2011-7
rafaelreyes,Y3Vyc29yOnYyOpIAzgBOfas=,2011-7
khonsou,Y3Vyc29yOnYyOpIAzgBO_-4=,2011-7
jacobf,Y3Vyc29yOnYyOpIAzgBPM6U=,2011-7
obazoud,Y3Vyc29yOnYyOpIAzgBPXaw=,2011-7
cbeams,Y3Vyc29yOnYyOpIAzgBPg8U=,2011-7
grgrzybek,Y3Vyc29yOnYyOpIAzgBQFwM=,2011-7
woditschka,Y3Vyc29yOnYyOpIAzgBQm5o=,2011-7
aemruli,Y3Vyc29yOnYyOpIAzgBSXxk=,2011-7
thinker0,Y3Vyc29yOnYyOpIAzgBVn7U=,2011-7
ramkalari,Y3Vyc29yOnYyOpIAzgBWjxs=,2011-7
rvazquezglez,Y3Vyc29yOnYyOpIAzgBXQQ0=,2011-7
kurron,Y3Vyc29yOnYyOpIAzgBYX_g=,2011-7
arunpjohny,Y3Vyc29yOnYyOpIAzgBYqeU=,2011-7
bijukunjummen,Y3Vyc29yOnYyOpIAzgBY3so=,2011-7
rstoyanchev,Y3Vyc29yOnYyOpIAzgBZ6KA=,2011-7
degiere,Y3Vyc29yOnYyOpIAzgBauCM=,2011-7
thegee,Y3Vyc29yOnYyOpIAzgBd47s=,2011-7
13yo,Y3Vyc29yOnYyOpIAzgBfaME=,2011-7
dgeske,Y3Vyc29yOnYyOpIAzgBgS0A=,2011-7
garyrussell,Y3Vyc29yOnYyOpIAzgBhw3E=,2011-7
m1a0,Y3Vyc29yOnYyOpIAzgBinVE=,2011-7
hhoffstaette,Y3Vyc29yOnYyOpIAzgBjB9I=,2011-7
kingchang,Y3Vyc29yOnYyOpIAzgBjngU=,2011-7
philwebb,Y3Vyc29yOnYyOpIAzgBkp3E=,2011-7
sektek,Y3Vyc29yOnYyOpIAzgBlBNw=,2011-7
somtimz,Y3Vyc29yOnYyOpIAzgBl5sg=,2011-7
raysuliteanu,Y3Vyc29yOnYyOpIAzgBmZe0=,2011-7
tracer021,Y3Vyc29yOnYyOpIAzgBoH3Y=,2011-7
cledesma,Y3Vyc29yOnYyOpIAzgBo0Go=,2011-7
jugalps,Y3Vyc29yOnYyOpIAzgBpE2w=,2011-7
jbbarquero,Y3Vyc29yOnYyOpIAzgBp0z8=,2011-7
luistrigueiros,Y3Vyc29yOnYyOpIAzgBqG18=,2011-7
omurillo,Y3Vyc29yOnYyOpIAzgBqvjc=,2011-7
ghillert,Y3Vyc29yOnYyOpIAzgBxVsg=,2011-7
jadianes,Y3Vyc29yOnYyOpIAzgBx1GA=,2011-7
galapagosfinch,Y3Vyc29yOnYyOpIAzgByXsU=,2011-7
Artem-Mamchych,Y3Vyc29yOnYyOpIAzgBzTI4=,2011-7
infogrind,Y3Vyc29yOnYyOpIAzgBzoYU=,2011-7
azeller,Y3Vyc29yOnYyOpIAzgB2-ek=,2011-7
common,Y3Vyc29yOnYyOpIAzgB300E=,2011-7
chsjiang,Y3Vyc29yOnYyOpIAzgB34QE=,2011-7
bojancai,Y3Vyc29yOnYyOpIAzgB5n3c=,2011-7
esantana,Y3Vyc29yOnYyOpIAzgB7SvY=,2011-7
planmanup,Y3Vyc29yOnYyOpIAzgB79XA=,2011-7
tmccuch,Y3Vyc29yOnYyOpIAzgB8HpU=,2011-7
n0rthwood,Y3Vyc29yOnYyOpIAzgB8cvM=,2011-7
nereuschen,Y3Vyc29yOnYyOpIAzgB8d0s=,2011-7
changchang,Y3Vyc29yOnYyOpIAzgB9w78=,2011-7
pjajara,Y3Vyc29yOnYyOpIAzgB93gE=,2011-7
dturanski,Y3Vyc29yOnYyOpIAzgB98bc=,2011-7
oloake,Y3Vyc29yOnYyOpIAzgB-diU=,2011-7
luiz158,Y3Vyc29yOnYyOpIAzgB-nRU=,2011-7
james-carr,Y3Vyc29yOnYyOpIAzgCAKB4=,2011-7
rajesh-kumar,Y3Vyc29yOnYyOpIAzgCAyN0=,2011-7
intesar,Y3Vyc29yOnYyOpIAzgCDI5s=,2011-8
bassista,Y3Vyc29yOnYyOpIAzgCDxxc=,2011-8
ecompositor,Y3Vyc29yOnYyOpIAzgCEJy4=,2011-8
vvz,Y3Vyc29yOnYyOpIAzgCEXNg=,2011-8
artembilan,Y3Vyc29yOnYyOpIAzgCG1hg=,2011-9
zqhxuyuan,Y3Vyc29yOnYyOpIAzgCHihU=,2011-9
astosyk,Y3Vyc29yOnYyOpIAzgCH2sI=,2011-10
saemitang,Y3Vyc29yOnYyOpIAzgCH7Hk=,2011-10
upindergarg,Y3Vyc29yOnYyOpIAzgCISZA=,2011-10
iacops,Y3Vyc29yOnYyOpIAzgCI8OQ=,2011-10
andrewtaylor,Y3Vyc29yOnYyOpIAzgCI8TI=,2011-10
tfreier,Y3Vyc29yOnYyOpIAzgCJ5s8=,2011-10
anilupadhyay,Y3Vyc29yOnYyOpIAzgCKnY0=,2011-10
munitras,Y3Vyc29yOnYyOpIAzgCMcdI=,2011-11
avcrash,Y3Vyc29yOnYyOpIAzgCNUKw=,2011-11
gorank,Y3Vyc29yOnYyOpIAzgCNnhg=,2011-11
paulhilliar,Y3Vyc29yOnYyOpIAzgCPXg0=,2011-12
brook-huang,Y3Vyc29yOnYyOpIAzgCP8r4=,2011-12
lyh411201000,Y3Vyc29yOnYyOpIAzgCQHdo=,2011-12
gnomix,Y3Vyc29yOnYyOpIAzgCRkFE=,2012-1
solgit,Y3Vyc29yOnYyOpIAzgCTYx0=,2012-1
olegts,Y3Vyc29yOnYyOpIAzgCUOZQ=,2012-2
benqian,Y3Vyc29yOnYyOpIAzgCUUzM=,2012-2
konradbloor,Y3Vyc29yOnYyOpIAzgCUb-8=,2012-2
RatJuggler,Y3Vyc29yOnYyOpIAzgCUoT0=,2012-2
jenspresser,Y3Vyc29yOnYyOpIAzgCVMK8=,2012-2
lgi-kitd,Y3Vyc29yOnYyOpIAzgCVkPg=,2012-2
anvic,Y3Vyc29yOnYyOpIAzgCV4KE=,2012-2
jlboltz,Y3Vyc29yOnYyOpIAzgCV7Go=,2012-2
Clart,Y3Vyc29yOnYyOpIAzgCWKdI=,2012-2
handersongomes,Y3Vyc29yOnYyOpIAzgCYR4Y=,2012-3
ampm,Y3Vyc29yOnYyOpIAzgCa8UI=,2012-4
antonleliuk,Y3Vyc29yOnYyOpIAzgCdY9U=,2012-5
svoflee,Y3Vyc29yOnYyOpIAzgCdg6E=,2012-5
nxbdi,Y3Vyc29yOnYyOpIAzgCdxho=,2012-5
ScottCrass,Y3Vyc29yOnYyOpIAzgCfWOU=,2012-6
derekbassett,Y3Vyc29yOnYyOpIAzgCgixc=,2012-6
yumg,Y3Vyc29yOnYyOpIAzgCiXPY=,2012-7
tfr42,Y3Vyc29yOnYyOpIAzgCjIk0=,2012-8
asjames,Y3Vyc29yOnYyOpIAzgCjX64=,2012-8
Smahlatz,Y3Vyc29yOnYyOpIAzgCkSl8=,2012-9
jbraathen,Y3Vyc29yOnYyOpIAzgClKlo=,2012-11
bistros,Y3Vyc29yOnYyOpIAzgCl2iM=,2013-1
tommysiu,Y3Vyc29yOnYyOpIAzgCmDbM=,2013-1
colorzhang,Y3Vyc29yOnYyOpIAzgCn608=,2013-2
fv3386,Y3Vyc29yOnYyOpIAzgCo9iA=,2013-2
amoschov,Y3Vyc29yOnYyOpIAzgCrKyQ=,2013-2
jawwadfarooq,Y3Vyc29yOnYyOpIAzgCsgXI=,2013-3
bric3,Y3Vyc29yOnYyOpIAzgCs_CA=,2013-3
xing-kenny,Y3Vyc29yOnYyOpIAzgCtgMQ=,2013-3
yamingd,Y3Vyc29yOnYyOpIAzgCu38E=,2013-3
Zapata,Y3Vyc29yOnYyOpIAzgC0Zoc=,2013-3
antonevane,Y3Vyc29yOnYyOpIAzgC9NgE=,2013-4
frank-rahn,Y3Vyc29yOnYyOpIAzgC9X1s=,2013-4
patoi,Y3Vyc29yOnYyOpIAzgDDgso=,2013-5
liuzhaomincoding,Y3Vyc29yOnYyOpIAzgDF1UM=,2013-5
p0w4p0ty,Y3Vyc29yOnYyOpIAzgDIafg=,2013-6
hyuan-work,Y3Vyc29yOnYyOpIAzgDLSoo=,2013-6
n0rmrx,Y3Vyc29yOnYyOpIAzgDLXF4=,2013-6
foxerfly,Y3Vyc29yOnYyOpIAzgDLhmM=,2013-6
kssuresh78,Y3Vyc29yOnYyOpIAzgDPJFM=,2013-6
zacheusz,Y3Vyc29yOnYyOpIAzgDRw6M=,2013-7
comtnswede,Y3Vyc29yOnYyOpIAzgDVwyM=,2013-7
telefunken,Y3Vyc29yOnYyOpIAzgDXyRY=,2013-7
xiaoshitou,Y3Vyc29yOnYyOpIAzgDbsyI=,2013-8
alexioc-zz,Y3Vyc29yOnYyOpIAzgDcj4M=,2013-8
jbisotti,Y3Vyc29yOnYyOpIAzgDdff0=,2013-8
sfleiter,Y3Vyc29yOnYyOpIAzgDlmAU=,2013-9
tkarlsson,Y3Vyc29yOnYyOpIAzgDnLQs=,2013-9
kjkondratuk,Y3Vyc29yOnYyOpIAzgDn3mU=,2013-9
stevecstian,Y3Vyc29yOnYyOpIAzgDoRjA=,2013-9
nellaivijay,Y3Vyc29yOnYyOpIAzgDpM7c=,2013-9
ohimors,Y3Vyc29yOnYyOpIAzgDsM2I=,2013-9
avthart,Y3Vyc29yOnYyOpIAzgD0F6w=,2013-10
yrain,Y3Vyc29yOnYyOpIAzgD0oLo=,2013-10
parconoel,Y3Vyc29yOnYyOpIAzgD46uE=,2013-10
prabasn,Y3Vyc29yOnYyOpIAzgD5ijM=,2013-10
jkayohkay,Y3Vyc29yOnYyOpIAzgD6gwI=,2013-11
undancer,Y3Vyc29yOnYyOpIAzgD8xvk=,2013-11
a-buck,Y3Vyc29yOnYyOpIAzgEAVU8=,2013-11
kimmking,Y3Vyc29yOnYyOpIAzgECCCI=,2013-11
krisjin,Y3Vyc29yOnYyOpIAzgED1Q8=,2013-11
omidp,Y3Vyc29yOnYyOpIAzgEF73A=,2013-12
zhangyu2020,Y3Vyc29yOnYyOpIAzgEG1JY=,2013-12
SPARON,Y3Vyc29yOnYyOpIAzgEJuwQ=,2013-12
KevinXie0131,Y3Vyc29yOnYyOpIAzgEK1mE=,2013-12
littleshop,Y3Vyc29yOnYyOpIAzgEL8N4=,2013-12
muhilan,Y3Vyc29yOnYyOpIAzgEMZnA=,2013-12
kingofhawks,Y3Vyc29yOnYyOpIAzgEN8gU=,2013-12
ither,Y3Vyc29yOnYyOpIAzgEOfgw=,2013-12
initmax,Y3Vyc29yOnYyOpIAzgEPUS4=,2013-12
ssiahetiong,Y3Vyc29yOnYyOpIAzgER084=,2014-1
imfangs,Y3Vyc29yOnYyOpIAzgESZUQ=,2014-1
eswarreddyt,Y3Vyc29yOnYyOpIAzgEYa5Q=,2014-1
aptav,Y3Vyc29yOnYyOpIAzgEZkv8=,2014-1
elee,Y3Vyc29yOnYyOpIAzgEaRNg=,2014-1
cryptomeme,Y3Vyc29yOnYyOpIAzgEdpOA=,2014-1
mohanmca,Y3Vyc29yOnYyOpIAzgEfHjc=,2014-2
zhangyiwen1999,Y3Vyc29yOnYyOpIAzgEiBW8=,2014-2
emalock3,Y3Vyc29yOnYyOpIAzgEiWVk=,2014-2
imranaziz,Y3Vyc29yOnYyOpIAzgEiwEI=,2014-2
amiorin,Y3Vyc29yOnYyOpIAzgEqTY4=,2014-2
techieBrandon,Y3Vyc29yOnYyOpIAzgErH8s=,2014-2
xntric78,Y3Vyc29yOnYyOpIAzgEsGRw=,2014-3
moneyice,Y3Vyc29yOnYyOpIAzgEsi3Y=,2014-3
ran488,Y3Vyc29yOnYyOpIAzgEwSok=,2014-3
dailindl,Y3Vyc29yOnYyOpIAzgEwplY=,2014-3
JustinYe,Y3Vyc29yOnYyOpIAzgE0FEs=,2014-3
d5andy,Y3Vyc29yOnYyOpIAzgE35hU=,2014-3
ehsanullahjan,Y3Vyc29yOnYyOpIAzgE4aww=,2014-3
sripadapavan,Y3Vyc29yOnYyOpIAzgE4qj4=,2014-3
lkrnac,Y3Vyc29yOnYyOpIAzgE8tcg=,2014-4
junxy,Y3Vyc29yOnYyOpIAzgE9dyU=,2014-4
johnnygenomics,Y3Vyc29yOnYyOpIAzgE_QAg=,2014-4
raymondhjm,Y3Vyc29yOnYyOpIAzgFA1yo=,2014-4
jackingod,Y3Vyc29yOnYyOpIAzgFHybk=,2014-4
fengzmg,Y3Vyc29yOnYyOpIAzgFJlwI=,2014-5
xiasenhai,Y3Vyc29yOnYyOpIAzgFP5kU=,2014-5
leifh,Y3Vyc29yOnYyOpIAzgFQz6g=,2014-5
simonjenga,Y3Vyc29yOnYyOpIAzgFRd7Q=,2014-5
pingv,Y3Vyc29yOnYyOpIAzgFdM3s=,2014-6
nbardiuk,Y3Vyc29yOnYyOpIAzgFgUwM=,2014-6
trioletas,Y3Vyc29yOnYyOpIAzgFhkzI=,2014-6
bowang918,Y3Vyc29yOnYyOpIAzgFnrwQ=,2014-7
ahzmr,Y3Vyc29yOnYyOpIAzgFo2ao=,2014-7
andrejczyn,Y3Vyc29yOnYyOpIAzgFp560=,2014-7
tspannatpivotal,Y3Vyc29yOnYyOpIAzgFrLCc=,2014-7
fbv,Y3Vyc29yOnYyOpIAzgFrWEQ=,2014-7
xexes,Y3Vyc29yOnYyOpIAzgFtN6c=,2014-7
iyangming,Y3Vyc29yOnYyOpIAzgFwPqQ=,2014-7
wordin0,Y3Vyc29yOnYyOpIAzgFyxJY=,2014-7
lburgazzoli,Y3Vyc29yOnYyOpIAzgFzg0k=,2014-7
hemingwang0902,Y3Vyc29yOnYyOpIAzgF0Rmg=,2014-7
goettw,Y3Vyc29yOnYyOpIAzgF1Vyo=,2014-7
bkimminich,Y3Vyc29yOnYyOpIAzgF7L3A=,2014-8
zyw,Y3Vyc29yOnYyOpIAzgF9qwo=,2014-8
Jecode,Y3Vyc29yOnYyOpIAzgGBTOc=,2014-8
mhurne,Y3Vyc29yOnYyOpIAzgGBaZE=,2014-8
yukinami,Y3Vyc29yOnYyOpIAzgGByeQ=,2014-8
Doppp,Y3Vyc29yOnYyOpIAzgGCtG8=,2014-8
hsynkrtl,Y3Vyc29yOnYyOpIAzgGEl5Q=,2014-8
anil-ky,Y3Vyc29yOnYyOpIAzgGHtgs=,2014-8
hitme,Y3Vyc29yOnYyOpIAzgGIz8Q=,2014-9
xiupitter,Y3Vyc29yOnYyOpIAzgGKDqQ=,2014-9
chidveer,Y3Vyc29yOnYyOpIAzgGLllY=,2014-9
rastabrane,Y3Vyc29yOnYyOpIAzgGNhO8=,2014-9
lephuoccanh,Y3Vyc29yOnYyOpIAzgGOiR4=,2014-9
bobgutierrez,Y3Vyc29yOnYyOpIAzgGQ0fI=,2014-9
darkdown,Y3Vyc29yOnYyOpIAzgGVOb4=,2014-9
ttwd80,Y3Vyc29yOnYyOpIAzgGV67A=,2014-9
checkcheckzz,Y3Vyc29yOnYyOpIAzgGZIrc=,2014-10
fabiomarini,Y3Vyc29yOnYyOpIAzgGaQhU=,2014-10
zotona,Y3Vyc29yOnYyOpIAzgGc2j4=,2014-10
ppodgorsek,Y3Vyc29yOnYyOpIAzgGkkZo=,2014-10
cr2121,Y3Vyc29yOnYyOpIAzgGnXic=,2014-10
zsiddiqi,Y3Vyc29yOnYyOpIAzgGn2hY=,2014-10
nazymko,Y3Vyc29yOnYyOpIAzgGrLns=,2014-11
plopez-bmj,Y3Vyc29yOnYyOpIAzgGs5BI=,2014-11
josivan,Y3Vyc29yOnYyOpIAzgGuPN8=,2014-11
zzhdi,Y3Vyc29yOnYyOpIAzgGyLkY=,2014-11
dconneely,Y3Vyc29yOnYyOpIAzgGyZkU=,2014-11
aravind-fastpay,Y3Vyc29yOnYyOpIAzgG4epk=,2014-11
clementinexin,Y3Vyc29yOnYyOpIAzgG47y0=,2014-11
kaznovac,Y3Vyc29yOnYyOpIAzgG8C9U=,2014-12
sunhill,Y3Vyc29yOnYyOpIAzgHFPKg=,2014-12
cbmeeks,Y3Vyc29yOnYyOpIAzgHFYMo=,2014-12
mdeinum,Y3Vyc29yOnYyOpIAzgHJF4Y=,2014-12
firateren52,Y3Vyc29yOnYyOpIAzgHLM88=,2014-12
emrahsari,Y3Vyc29yOnYyOpIAzgHNXSo=,2014-12
JunkMail4MJD,Y3Vyc29yOnYyOpIAzgHQqq0=,2015-1
dhirenshumsher,Y3Vyc29yOnYyOpIAzgHSBfY=,2015-1
Hillkorn,Y3Vyc29yOnYyOpIAzgHTQKs=,2015-1
ogunheper,Y3Vyc29yOnYyOpIAzgHT0g0=,2015-1
stalet,Y3Vyc29yOnYyOpIAzgHX340=,2015-1
erenavsarogullari,Y3Vyc29yOnYyOpIAzgHYnVA=,2015-1
taotao365s,Y3Vyc29yOnYyOpIAzgHaLxg=,2015-1
r8j3,Y3Vyc29yOnYyOpIAzgHazfA=,2015-1
holin,Y3Vyc29yOnYyOpIAzgHd2jw=,2015-1
rufer7,Y3Vyc29yOnYyOpIAzgHktBI=,2015-2
cosyman,Y3Vyc29yOnYyOpIAzgHnTZM=,2015-2
NorimasaNabeta,Y3Vyc29yOnYyOpIAzgHrROI=,2015-2
chvankemseke,Y3Vyc29yOnYyOpIAzgHrpXg=,2015-2
mv2a,Y3Vyc29yOnYyOpIAzgHu6XI=,2015-2
renjualoe,Y3Vyc29yOnYyOpIAzgHwfvE=,2015-2
eamonnl,Y3Vyc29yOnYyOpIAzgHyaxU=,2015-2
alixdeschamps,Y3Vyc29yOnYyOpIAzgH0rOI=,2015-2
mtrejo-zz,Y3Vyc29yOnYyOpIAzgH65vM=,2015-3
maheshpec,Y3Vyc29yOnYyOpIAzgH7CNQ=,2015-3
lakelouise,Y3Vyc29yOnYyOpIAzgH8PWI=,2015-3
manishsharma64,Y3Vyc29yOnYyOpIAzgH_DRc=,2015-3
gBarrerasSanz,Y3Vyc29yOnYyOpIAzgH_YVU=,2015-3
alcaniza,Y3Vyc29yOnYyOpIAzgH_eqQ=,2015-3
amr,Y3Vyc29yOnYyOpIAzgIBCDI=,2015-3
jacky1122,Y3Vyc29yOnYyOpIAzgICt0g=,2015-3
codeislyric,Y3Vyc29yOnYyOpIAzgIC4r8=,2015-3
xkapasakal,Y3Vyc29yOnYyOpIAzgID05s=,2015-3
rixmicha,Y3Vyc29yOnYyOpIAzgID3yc=,2015-3
chenrui333,Y3Vyc29yOnYyOpIAzgIGCXQ=,2015-3
28,Y3Vyc29yOnYyOpIAzgIHMjQ=,2015-3
walterso,Y3Vyc29yOnYyOpIAzgIHPTA=,2015-3
zhangwei5095,Y3Vyc29yOnYyOpIAzgIKjQU=,2015-3
szilard-nemeth,Y3Vyc29yOnYyOpIAzgINrVE=,2015-4
focadiz,Y3Vyc29yOnYyOpIAzgIQSUM=,2015-4
crazyreal,Y3Vyc29yOnYyOpIAzgIRx5I=,2015-4
Ikanovic,Y3Vyc29yOnYyOpIAzgIWzSY=,2015-4
rngarnaik,Y3Vyc29yOnYyOpIAzgIXF54=,2015-4
cybersaurus,Y3Vyc29yOnYyOpIAzgIXV08=,2015-4
MarcinMiotk,Y3Vyc29yOnYyOpIAzgIY__A=,2015-4
gianpiero-frongia-kp,Y3Vyc29yOnYyOpIAzgIZu-o=,2015-4
theevangelista,Y3Vyc29yOnYyOpIAzgIcJdA=,2015-4
maobole,Y3Vyc29yOnYyOpIAzgIeZkI=,2015-4
corneil,Y3Vyc29yOnYyOpIAzgIf3fU=,2015-4
letenkov,Y3Vyc29yOnYyOpIAzgIjdD8=,2015-4
djgraff209,Y3Vyc29yOnYyOpIAzgIkAU4=,2015-4
agornovo,Y3Vyc29yOnYyOpIAzgIlwdg=,2015-5
rszabolcs,Y3Vyc29yOnYyOpIAzgIq8FE=,2015-5
alex-sl-eng,Y3Vyc29yOnYyOpIAzgIxRGQ=,2015-5
vergilji,Y3Vyc29yOnYyOpIAzgIxRjE=,2015-5
mvpotter,Y3Vyc29yOnYyOpIAzgIzPb8=,2015-5
hong0220,Y3Vyc29yOnYyOpIAzgI0Ayw=,2015-5
ThreaT,Y3Vyc29yOnYyOpIAzgI--14=,2015-6
B-RamPrasad,Y3Vyc29yOnYyOpIAzgJB2Cc=,2015-6
j3ffhu,Y3Vyc29yOnYyOpIAzgJCoH0=,2015-6
JazzyJes,Y3Vyc29yOnYyOpIAzgJDeWI=,2015-6
pandl,Y3Vyc29yOnYyOpIAzgJE0YE=,2015-6
javrasya,Y3Vyc29yOnYyOpIAzgJFyAw=,2015-6
mbogoevici,Y3Vyc29yOnYyOpIAzgJHYv4=,2015-6
verystrongjoe,Y3Vyc29yOnYyOpIAzgJHrXY=,2015-6
Kaster,Y3Vyc29yOnYyOpIAzgJJzKI=,2015-6
jjustinic,Y3Vyc29yOnYyOpIAzgJNbxs=,2015-6
krime,Y3Vyc29yOnYyOpIAzgJNovQ=,2015-6
chenjian99309,Y3Vyc29yOnYyOpIAzgJQW94=,2015-6
VicCebedo,Y3Vyc29yOnYyOpIAzgJUxD8=,2015-7
ericperez,Y3Vyc29yOnYyOpIAzgJfeS0=,2015-7
mvigneshtuty,Y3Vyc29yOnYyOpIAzgJnO0c=,2015-7
tranminhan,Y3Vyc29yOnYyOpIAzgJq5zM=,2015-8
mcaine,Y3Vyc29yOnYyOpIAzgJtLPM=,2015-8
junyongz,Y3Vyc29yOnYyOpIAzgJuUB4=,2015-8
thomasdarimont,Y3Vyc29yOnYyOpIAzgJv4Hc=,2015-8
NiranjanAithal,Y3Vyc29yOnYyOpIAzgJ7aus=,2015-8
fangjian0423,Y3Vyc29yOnYyOpIAzgJ8og4=,2015-8
olivergg,Y3Vyc29yOnYyOpIAzgJ91us=,2015-8
ardeshir,Y3Vyc29yOnYyOpIAzgJ_ERM=,2015-8
caner-mirzabey,Y3Vyc29yOnYyOpIAzgKDprg=,2015-9
wheredevel,Y3Vyc29yOnYyOpIAzgKGAik=,2015-9
tianpaomian,Y3Vyc29yOnYyOpIAzgKKH6g=,2015-9
xiezhouyan,Y3Vyc29yOnYyOpIAzgKK-7k=,2015-9
JFDu,Y3Vyc29yOnYyOpIAzgKLA_A=,2015-9
ymxk,Y3Vyc29yOnYyOpIAzgKL914=,2015-9
evgkarasev,Y3Vyc29yOnYyOpIAzgKNR3Y=,2015-9
adressin,Y3Vyc29yOnYyOpIAzgKOraY=,2015-9
mhuelfen,Y3Vyc29yOnYyOpIAzgKPaPE=,2015-9
jiangchaoting,Y3Vyc29yOnYyOpIAzgKP0Ek=,2015-9
rmetzler,Y3Vyc29yOnYyOpIAzgKTOLU=,2015-9
rangken,Y3Vyc29yOnYyOpIAzgKUM0c=,2015-9
hschott,Y3Vyc29yOnYyOpIAzgKZkXc=,2015-9
melz,Y3Vyc29yOnYyOpIAzgKcmyM=,2015-10
AshwinJay,Y3Vyc29yOnYyOpIAzgKdfNg=,2015-10
hovangv5,Y3Vyc29yOnYyOpIAzgKnBRk=,2015-10
artexnet,Y3Vyc29yOnYyOpIAzgKrm60=,2015-10
hvindin,Y3Vyc29yOnYyOpIAzgKxFUc=,2015-10
davehancock,Y3Vyc29yOnYyOpIAzgKyJTE=,2015-10
angusshire,Y3Vyc29yOnYyOpIAzgK-O60=,2015-11
vt97john,Y3Vyc29yOnYyOpIAzgLFuKg=,2015-11
lebe-dev,Y3Vyc29yOnYyOpIAzgLGb_M=,2015-11
sangkyunyoon,Y3Vyc29yOnYyOpIAzgLJZ4A=,2015-11
jrminz,Y3Vyc29yOnYyOpIAzgLKKu0=,2015-11
yu55,Y3Vyc29yOnYyOpIAzgLKbv4=,2015-11
nabilov,Y3Vyc29yOnYyOpIAzgLMzzQ=,2015-11
gotu,Y3Vyc29yOnYyOpIAzgLUU5o=,2015-11
ivo4j,Y3Vyc29yOnYyOpIAzgLU-Fw=,2015-11
snecker,Y3Vyc29yOnYyOpIAzgLZpFM=,2015-12
s98113161,Y3Vyc29yOnYyOpIAzgLePNQ=,2015-12
yushui881112,Y3Vyc29yOnYyOpIAzgLedHI=,2015-12
feng345fengcool,Y3Vyc29yOnYyOpIAzgLmmc0=,2015-12
zhangjunfang,Y3Vyc29yOnYyOpIAzgLri6s=,2015-12
wentaozone,Y3Vyc29yOnYyOpIAzgLs_-I=,2015-12
xiurui12345,Y3Vyc29yOnYyOpIAzgLtVwE=,2015-12
hankspan,Y3Vyc29yOnYyOpIAzgLuplg=,2015-12
jerminliu,Y3Vyc29yOnYyOpIAzgL_dRw=,2016-1
hayesSwing,Y3Vyc29yOnYyOpIAzgMKRuM=,2016-1
MarcGiffing,Y3Vyc29yOnYyOpIAzgMLUAc=,2016-1
CarrieGuts,Y3Vyc29yOnYyOpIAzgMPmGU=,2016-1
yezhwi,Y3Vyc29yOnYyOpIAzgMPnmw=,2016-1
Zjie,Y3Vyc29yOnYyOpIAzgMU3V4=,2016-2
darklibra,Y3Vyc29yOnYyOpIAzgMd2HY=,2016-2
VRSHGPL,Y3Vyc29yOnYyOpIAzgMeHow=,2016-2
netrous,Y3Vyc29yOnYyOpIAzgMfZpw=,2016-2
corminlu,Y3Vyc29yOnYyOpIAzgMjllA=,2016-2
xinghalo,Y3Vyc29yOnYyOpIAzgMqYR4=,2016-2
myhau,Y3Vyc29yOnYyOpIAzgMsWjc=,2016-2
rgsingh,Y3Vyc29yOnYyOpIAzgM56xM=,2016-3
hovey727,Y3Vyc29yOnYyOpIAzgM6fi8=,2016-3
agebhar1,Y3Vyc29yOnYyOpIAzgM8awc=,2016-3
debop,Y3Vyc29yOnYyOpIAzgNBgsE=,2016-3
zen-k,Y3Vyc29yOnYyOpIAzgNFTyk=,2016-3
ripcurl,Y3Vyc29yOnYyOpIAzgNL1LU=,2016-3
genediazjr,Y3Vyc29yOnYyOpIAzgNMc3g=,2016-3
sathish593,Y3Vyc29yOnYyOpIAzgNPio4=,2016-3
stephen-masters,Y3Vyc29yOnYyOpIAzgNQ7Qw=,2016-3
openwms,Y3Vyc29yOnYyOpIAzgNWsVk=,2016-4
bartender1990,Y3Vyc29yOnYyOpIAzgNbwGQ=,2016-4
nayakabhijit,Y3Vyc29yOnYyOpIAzgNceDk=,2016-4
przemekc,Y3Vyc29yOnYyOpIAzgNc7Es=,2016-4
xiaosazixian,Y3Vyc29yOnYyOpIAzgNk6bU=,2016-4
victorcastroamigo,Y3Vyc29yOnYyOpIAzgNr4gU=,2016-4
AlexeyBuzdin,Y3Vyc29yOnYyOpIAzgNtaM0=,2016-4
v-zhuravlev,Y3Vyc29yOnYyOpIAzgNwJLY=,2016-4
kangzao,Y3Vyc29yOnYyOpIAzgNxGS8=,2016-4
ourgit,Y3Vyc29yOnYyOpIAzgNzqFw=,2016-4
AradhyaL,Y3Vyc29yOnYyOpIAzgN5tb0=,2016-5
tien-le-grenoble,Y3Vyc29yOnYyOpIAzgN9Yms=,2016-5
Joaooluizzf,Y3Vyc29yOnYyOpIAzgN_x14=,2016-5
myhelloos,Y3Vyc29yOnYyOpIAzgOAXjg=,2016-5
paulbrejla,Y3Vyc29yOnYyOpIAzgOEzcQ=,2016-5
semiryak,Y3Vyc29yOnYyOpIAzgOI3Kc=,2016-5
harmia,Y3Vyc29yOnYyOpIAzgOI_tA=,2016-5
zhoudianyou,Y3Vyc29yOnYyOpIAzgOKGHY=,2016-5
nkolosnjaji,Y3Vyc29yOnYyOpIAzgOKtwM=,2016-5
sfat,Y3Vyc29yOnYyOpIAzgOL_fw=,2016-5
RedTea,Y3Vyc29yOnYyOpIAzgOMTZU=,2016-5
dmengelt,Y3Vyc29yOnYyOpIAzgOMY9k=,2016-5
kegu,Y3Vyc29yOnYyOpIAzgOXpJo=,2016-5
nathan-qingyang-xu,Y3Vyc29yOnYyOpIAzgOh-gY=,2016-6
Truppen,Y3Vyc29yOnYyOpIAzgOiEwk=,2016-6
bartosz-bilicki,Y3Vyc29yOnYyOpIAzgOiU6A=,2016-6
amontagne,Y3Vyc29yOnYyOpIAzgOnmSw=,2016-6
quickerly,Y3Vyc29yOnYyOpIAzgOquVk=,2016-6
kr28neeraj,Y3Vyc29yOnYyOpIAzgOsl1w=,2016-6
thomaspoignant,Y3Vyc29yOnYyOpIAzgOv8cM=,2016-6
p10614040,Y3Vyc29yOnYyOpIAzgO0k4g=,2016-6
yunhuizhu,Y3Vyc29yOnYyOpIAzgO2wT0=,2016-6
Prussia,Y3Vyc29yOnYyOpIAzgO3AS8=,2016-6
crtk,Y3Vyc29yOnYyOpIAzgO_6P0=,2016-7
mzlong,Y3Vyc29yOnYyOpIAzgPEiCI=,2016-7
eliudiaz,Y3Vyc29yOnYyOpIAzgPFb5U=,2016-7
andrelugomes,Y3Vyc29yOnYyOpIAzgPJor4=,2016-7
passangSherpa,Y3Vyc29yOnYyOpIAzgPNlwA=,2016-7
dandaluga,Y3Vyc29yOnYyOpIAzgPO7BA=,2016-7
arrayest,Y3Vyc29yOnYyOpIAzgPRP-w=,2016-7
crmsci,Y3Vyc29yOnYyOpIAzgPUBVw=,2016-7
nithril,Y3Vyc29yOnYyOpIAzgPURTs=,2016-7
chenyuanchun,Y3Vyc29yOnYyOpIAzgPUUKs=,2016-7
lubaohui,Y3Vyc29yOnYyOpIAzgPUztU=,2016-7
mring33621,Y3Vyc29yOnYyOpIAzgPYVlU=,2016-7
kiwiflydream,Y3Vyc29yOnYyOpIAzgPbWjk=,2016-8
honsunrise,Y3Vyc29yOnYyOpIAzgPcuKU=,2016-8
amarbabuk,Y3Vyc29yOnYyOpIAzgPiRlo=,2016-8
NexZhu,Y3Vyc29yOnYyOpIAzgPjJVA=,2016-8
santosh3702,Y3Vyc29yOnYyOpIAzgPkNkQ=,2016-8
lusparioTT,Y3Vyc29yOnYyOpIAzgPnHsA=,2016-8
lordigon,Y3Vyc29yOnYyOpIAzgPnnck=,2016-8
chszard,Y3Vyc29yOnYyOpIAzgPvO9M=,2016-8
justcureious,Y3Vyc29yOnYyOpIAzgP14mw=,2016-8
gwx324,Y3Vyc29yOnYyOpIAzgP2pTw=,2016-8
Nick-Xu,Y3Vyc29yOnYyOpIAzgP3zAc=,2016-8
lewis-ing,Y3Vyc29yOnYyOpIAzgP69XI=,2016-8
Neilhy,Y3Vyc29yOnYyOpIAzgQCFTE=,2016-9
mrFlick72,Y3Vyc29yOnYyOpIAzgQC9Pk=,2016-9
cccnam5158,Y3Vyc29yOnYyOpIAzgQFVKg=,2016-9
liyuntao,Y3Vyc29yOnYyOpIAzgQFcXQ=,2016-9
vivekjaipur,Y3Vyc29yOnYyOpIAzgQHQzI=,2016-9
embuc,Y3Vyc29yOnYyOpIAzgQHa6I=,2016-9
starlight36,Y3Vyc29yOnYyOpIAzgQHweE=,2016-9
ssouris,Y3Vyc29yOnYyOpIAzgQO3N4=,2016-9
binarri,Y3Vyc29yOnYyOpIAzgQayh8=,2016-9
souvc,Y3Vyc29yOnYyOpIAzgQeTgM=,2016-9
dragontree101,Y3Vyc29yOnYyOpIAzgQfstM=,2016-10
bw-matthew,Y3Vyc29yOnYyOpIAzgQkWwM=,2016-10
matthewfranglen,Y3Vyc29yOnYyOpIAzgQk75k=,2016-10
gaurav9822,Y3Vyc29yOnYyOpIAzgQlmOk=,2016-10
elephantsy,Y3Vyc29yOnYyOpIAzgQl5ts=,2016-10
liupengpop,Y3Vyc29yOnYyOpIAzgQuvr0=,2016-10
scheldejonas,Y3Vyc29yOnYyOpIAzgQu0Ws=,2016-10
dimMaryanto93,Y3Vyc29yOnYyOpIAzgQwfz4=,2016-10
clivebor,Y3Vyc29yOnYyOpIAzgQ1mH0=,2016-10
tsomal,Y3Vyc29yOnYyOpIAzgQ66g0=,2016-10
venilnoronha,Y3Vyc29yOnYyOpIAzgQ8HgM=,2016-10
tamseo,Y3Vyc29yOnYyOpIAzgQ8jaQ=,2016-10
allenpeng0705,Y3Vyc29yOnYyOpIAzgRDruo=,2016-11
beroca,Y3Vyc29yOnYyOpIAzgRFRnQ=,2016-11
GrayOxygen,Y3Vyc29yOnYyOpIAzgRGONM=,2016-11
thejpanganiban,Y3Vyc29yOnYyOpIAzgRKQZA=,2016-11
Pluto-cloud,Y3Vyc29yOnYyOpIAzgRKi2Q=,2016-11
SmartGim,Y3Vyc29yOnYyOpIAzgRLocI=,2016-11
h-ishibashi,Y3Vyc29yOnYyOpIAzgRMMHY=,2016-11
veludaya,Y3Vyc29yOnYyOpIAzgRMaGo=,2016-11
amatellini,Y3Vyc29yOnYyOpIAzgROPGY=,2016-11
antifog,Y3Vyc29yOnYyOpIAzgROrUE=,2016-11
RUBenGAMArrarodRiguEZ-ToMtOm,Y3Vyc29yOnYyOpIAzgRRU58=,2016-11
junit,Y3Vyc29yOnYyOpIAzgRR0jk=,2016-11
jeanvillete,Y3Vyc29yOnYyOpIAzgRViuQ=,2016-11
atas76,Y3Vyc29yOnYyOpIAzgRZIwI=,2016-11
afewnotes,Y3Vyc29yOnYyOpIAzgRfuoY=,2016-11
kingice,Y3Vyc29yOnYyOpIAzgRlAIE=,2016-11
geoand,Y3Vyc29yOnYyOpIAzgRpVy0=,2016-12
janman2222,Y3Vyc29yOnYyOpIAzgRq5lI=,2016-12
easonlin404,Y3Vyc29yOnYyOpIAzgRsKz0=,2016-12
AaronChun,Y3Vyc29yOnYyOpIAzgRskm4=,2016-12
zhaopei8948,Y3Vyc29yOnYyOpIAzgRwmx4=,2016-12
sudaredd,Y3Vyc29yOnYyOpIAzgRyR5A=,2016-12
bgagnonadam,Y3Vyc29yOnYyOpIAzgR1baY=,2016-12
hariharank12,Y3Vyc29yOnYyOpIAzgR1qoM=,2016-12
rv-17,Y3Vyc29yOnYyOpIAzgR25C8=,2016-12
shuixiou01,Y3Vyc29yOnYyOpIAzgR3NmE=,2016-12
aillamsun,Y3Vyc29yOnYyOpIAzgR3PQs=,2016-12
SINeWang,Y3Vyc29yOnYyOpIAzgR3iEI=,2016-12
janrkrejci,Y3Vyc29yOnYyOpIAzgR8BV4=,2016-12
bryanxtong,Y3Vyc29yOnYyOpIAzgSAmMo=,2016-12
Yitar,Y3Vyc29yOnYyOpIAzgSCICw=,2016-12
lingd16,Y3Vyc29yOnYyOpIAzgSCdiE=,2016-12
aldebap,Y3Vyc29yOnYyOpIAzgSD5h4=,2016-12
illan,Y3Vyc29yOnYyOpIAzgSIczU=,2016-12
nitincoded,Y3Vyc29yOnYyOpIAzgSK39A=,2017-1
peterma,Y3Vyc29yOnYyOpIAzgSNTNM=,2017-1
eacdy,Y3Vyc29yOnYyOpIAzgSTKOg=,2017-1
resilva87,Y3Vyc29yOnYyOpIAzgSWcIA=,2017-1
pkuashi,Y3Vyc29yOnYyOpIAzgSa6x0=,2017-1
tkhemani,Y3Vyc29yOnYyOpIAzgScK4g=,2017-1
MYZ6,Y3Vyc29yOnYyOpIAzgSdfuE=,2017-1
koofree,Y3Vyc29yOnYyOpIAzgSeafg=,2017-1
sergio11,Y3Vyc29yOnYyOpIAzgSiQKw=,2017-1
fronzec,Y3Vyc29yOnYyOpIAzgSisQ8=,2017-1
tiurin,Y3Vyc29yOnYyOpIAzgSjNmc=,2017-1
flashflexpro,Y3Vyc29yOnYyOpIAzgSkn4Q=,2017-1
dongyuebao,Y3Vyc29yOnYyOpIAzgSlQ0M=,2017-1
panagiotis-xynos-cg,Y3Vyc29yOnYyOpIAzgSsjhc=,2017-1
amir-malik,Y3Vyc29yOnYyOpIAzgStDhE=,2017-1
xuan-nguyen-swe,Y3Vyc29yOnYyOpIAzgS59Ic=,2017-2
kelubhai,Y3Vyc29yOnYyOpIAzgS6YpE=,2017-2
lanmolsz,Y3Vyc29yOnYyOpIAzgTCW_E=,2017-2
igorgolovanov,Y3Vyc29yOnYyOpIAzgTS77s=,2017-2
bruceLiHanFei,Y3Vyc29yOnYyOpIAzgTVDxM=,2017-3
AtlantisJ,Y3Vyc29yOnYyOpIAzgTVhZM=,2017-3
daniloguimaraes,Y3Vyc29yOnYyOpIAzgTVrlg=,2017-3
Nezteb,Y3Vyc29yOnYyOpIAzgTWBEI=,2017-3
z-ak,Y3Vyc29yOnYyOpIAzgTXArA=,2017-3
strongbad,Y3Vyc29yOnYyOpIAzgTYrDY=,2017-3
techzealot,Y3Vyc29yOnYyOpIAzgTf2kA=,2017-3
Pasha-gharibi,Y3Vyc29yOnYyOpIAzgTlCCI=,2017-3
ognjenm,Y3Vyc29yOnYyOpIAzgTmZik=,2017-3
yuanshichao1988,Y3Vyc29yOnYyOpIAzgTrTSk=,2017-3
openAfre,Y3Vyc29yOnYyOpIAzgTt5cA=,2017-3
MukeshMM,Y3Vyc29yOnYyOpIAzgTx-lo=,2017-3
Gerardo8,Y3Vyc29yOnYyOpIAzgT09_M=,2017-3
realdanih,Y3Vyc29yOnYyOpIAzgT25IE=,2017-3
thiagoghisi,Y3Vyc29yOnYyOpIAzgT56Ec=,2017-3
Toparvion,Y3Vyc29yOnYyOpIAzgT8-jw=,2017-3
pcascio,Y3Vyc29yOnYyOpIAzgUAeYo=,2017-3
SoonhyukYoon,Y3Vyc29yOnYyOpIAzgUS_S4=,2017-4
sherpaDai,Y3Vyc29yOnYyOpIAzgUTnnY=,2017-4
kenstrickland,Y3Vyc29yOnYyOpIAzgUXQ4M=,2017-4
hyysguyang,Y3Vyc29yOnYyOpIAzgUeIFA=,2017-4
Stexxen,Y3Vyc29yOnYyOpIAzgUjDgY=,2017-4
GitHubStone,Y3Vyc29yOnYyOpIAzgUlTEw=,2017-4
nxkang,Y3Vyc29yOnYyOpIAzgUo68Y=,2017-4
adonis2014,Y3Vyc29yOnYyOpIAzgUpzW0=,2017-4
quan2005,Y3Vyc29yOnYyOpIAzgUweUA=,2017-5
CauchyPeano,Y3Vyc29yOnYyOpIAzgUwwLs=,2017-5
kaminoson,Y3Vyc29yOnYyOpIAzgU8Rd4=,2017-5
shankarwww,Y3Vyc29yOnYyOpIAzgU9QJI=,2017-5
jesperdj,Y3Vyc29yOnYyOpIAzgU-UlE=,2017-5
JSchoreels,Y3Vyc29yOnYyOpIAzgVEB3E=,2017-5
kengp3,Y3Vyc29yOnYyOpIAzgVFI10=,2017-5
VineethRamakrishnan,Y3Vyc29yOnYyOpIAzgVKQFY=,2017-5
fenik17,Y3Vyc29yOnYyOpIAzgVNQpM=,2017-5
reynaldops,Y3Vyc29yOnYyOpIAzgVX96s=,2017-6
yxdwind,Y3Vyc29yOnYyOpIAzgVgOJE=,2017-6
novicelayman,Y3Vyc29yOnYyOpIAzgVmeOg=,2017-6
scunmer,Y3Vyc29yOnYyOpIAzgVrxoE=,2017-6
lerencao,Y3Vyc29yOnYyOpIAzgVsv6g=,2017-6
carllhw,Y3Vyc29yOnYyOpIAzgVtkQk=,2017-6
gaoshunsheng,Y3Vyc29yOnYyOpIAzgVuaRA=,2017-6
hjs0512,Y3Vyc29yOnYyOpIAzgVv8aE=,2017-6
rodbate,Y3Vyc29yOnYyOpIAzgVxOLU=,2017-6
it-noob,Y3Vyc29yOnYyOpIAzgV33l4=,2017-6
Nangal,Y3Vyc29yOnYyOpIAzgV4WtA=,2017-6
dustinstanley,Y3Vyc29yOnYyOpIAzgV6srU=,2017-6
Spacewen,Y3Vyc29yOnYyOpIAzgV6xbU=,2017-6
hankmor,Y3Vyc29yOnYyOpIAzgV79G0=,2017-6
lovejavaee,Y3Vyc29yOnYyOpIAzgWCC8Q=,2017-7
Babenko,Y3Vyc29yOnYyOpIAzgWK6wo=,2017-7
lsw1991abc,Y3Vyc29yOnYyOpIAzgWLmqU=,2017-7
wdmx666,Y3Vyc29yOnYyOpIAzgWOObc=,2017-7
rxdeveloper,Y3Vyc29yOnYyOpIAzgWQOMo=,2017-7
MarcoSong2016,Y3Vyc29yOnYyOpIAzgWRpNU=,2017-7
cainli,Y3Vyc29yOnYyOpIAzgWUhJQ=,2017-7
cxc3214,Y3Vyc29yOnYyOpIAzgWdhT0=,2017-7
clownlu,Y3Vyc29yOnYyOpIAzgWfeJc=,2017-7
zxkane,Y3Vyc29yOnYyOpIAzgWhUWg=,2017-7
pedemonte,Y3Vyc29yOnYyOpIAzgWtc7w=,2017-8
golonzovsky,Y3Vyc29yOnYyOpIAzgWvGew=,2017-8
sajjadpz,Y3Vyc29yOnYyOpIAzgWy-Fg=,2017-8
barlas8,Y3Vyc29yOnYyOpIAzgW5JuY=,2017-8
kicsikrumpli,Y3Vyc29yOnYyOpIAzgW-GXM=,2017-8
yuweijun,Y3Vyc29yOnYyOpIAzgXEDLc=,2017-8
dschulten,Y3Vyc29yOnYyOpIAzgXIaaU=,2017-8
fluffy-code,Y3Vyc29yOnYyOpIAzgXMZL0=,2017-8
rickyaut,Y3Vyc29yOnYyOpIAzgXSL78=,2017-9
naskavinda,Y3Vyc29yOnYyOpIAzgXdLMM=,2017-9
dimitrisli,Y3Vyc29yOnYyOpIAzgXgt_Y=,2017-9
idreamshen,Y3Vyc29yOnYyOpIAzgXixZM=,2017-9
claudiouzelac,Y3Vyc29yOnYyOpIAzgXlq04=,2017-9
cymin,Y3Vyc29yOnYyOpIAzgXqddU=,2017-9
fgsilva,Y3Vyc29yOnYyOpIAzgXsx7w=,2017-9
dostiharise,Y3Vyc29yOnYyOpIAzgXwWXY=,2017-9
khaled131,Y3Vyc29yOnYyOpIAzgXyBqI=,2017-9
DaemonSu,Y3Vyc29yOnYyOpIAzgX0kOw=,2017-9
banerRana,Y3Vyc29yOnYyOpIAzgX6aSw=,2017-9
guotaofind,Y3Vyc29yOnYyOpIAzgX83B4=,2017-10
beanstt,Y3Vyc29yOnYyOpIAzgYPOOM=,2017-10
haydar9,Y3Vyc29yOnYyOpIAzgYZqlo=,2017-10
youngzil,Y3Vyc29yOnYyOpIAzgYcuaY=,2017-10
henrique-pan,Y3Vyc29yOnYyOpIAzgYcvFU=,2017-10
sandjelkovic,Y3Vyc29yOnYyOpIAzgYdNaw=,2017-10
MrDourado,Y3Vyc29yOnYyOpIAzgYfBWA=,2017-10
qwazer,Y3Vyc29yOnYyOpIAzgYiPgc=,2017-10
CPoirot3,Y3Vyc29yOnYyOpIAzgYjwgc=,2017-10
antonqiu,Y3Vyc29yOnYyOpIAzgYlONk=,2017-10
WillBro,Y3Vyc29yOnYyOpIAzgYxd-U=,2017-11
donyxu,Y3Vyc29yOnYyOpIAzgY1wc0=,2017-11
YoungSmiths,Y3Vyc29yOnYyOpIAzgY3gwc=,2017-11
Fourwenwen,Y3Vyc29yOnYyOpIAzgY7Bxk=,2017-11
VincentDebug,Y3Vyc29yOnYyOpIAzgY8zq4=,2017-11
is00hcw,Y3Vyc29yOnYyOpIAzgZABb0=,2017-11
kongml,Y3Vyc29yOnYyOpIAzgZA02U=,2017-11
keepfit,Y3Vyc29yOnYyOpIAzgZGfr4=,2017-11
MrGlaucus,Y3Vyc29yOnYyOpIAzgZLUVA=,2017-11
marti1125,Y3Vyc29yOnYyOpIAzgZgy6s=,2017-12
ChrisCooney,Y3Vyc29yOnYyOpIAzgZnhcQ=,2017-12
symm,Y3Vyc29yOnYyOpIAzgZnh1Y=,2017-12
zirconias,Y3Vyc29yOnYyOpIAzgZns6k=,2017-12
ishiis,Y3Vyc29yOnYyOpIAzgZqumY=,2017-12
Kaychang,Y3Vyc29yOnYyOpIAzgZuOY8=,2017-12
radoslavoleksak,Y3Vyc29yOnYyOpIAzgZxJUQ=,2017-12
quentin34,Y3Vyc29yOnYyOpIAzgZyyVw=,2017-12
ikounakis,Y3Vyc29yOnYyOpIAzgaDIoQ=,2017-12
zhaoshaoquan,Y3Vyc29yOnYyOpIAzgaJYEI=,2018-1
itabas016,Y3Vyc29yOnYyOpIAzgaUtyY=,2018-1
E-Kanegae,Y3Vyc29yOnYyOpIAzgaZeWQ=,2018-1
patel243,Y3Vyc29yOnYyOpIAzgadiNM=,2018-1
tfeiner,Y3Vyc29yOnYyOpIAzgae4yI=,2018-1
bishoku,Y3Vyc29yOnYyOpIAzgae9hw=,2018-1
zhenxing-cheng,Y3Vyc29yOnYyOpIAzgafKro=,2018-1
umart94,Y3Vyc29yOnYyOpIAzgageTA=,2018-1
alcideslins,Y3Vyc29yOnYyOpIAzgalF-c=,2018-1
liuliuluk,Y3Vyc29yOnYyOpIAzgap5P4=,2018-1
andritcharthur,Y3Vyc29yOnYyOpIAzgatDGM=,2018-1
BobJackson,Y3Vyc29yOnYyOpIAzgazGQs=,2018-1
zhenyong2013,Y3Vyc29yOnYyOpIAzga2fiw=,2018-1
csabatini,Y3Vyc29yOnYyOpIAzga9vTU=,2018-1
hunanhfh,Y3Vyc29yOnYyOpIAzgbA6RA=,2018-2
ersushantsood,Y3Vyc29yOnYyOpIAzgbRgAQ=,2018-2
neriudon,Y3Vyc29yOnYyOpIAzgbSJ6o=,2018-2
xRomZak,Y3Vyc29yOnYyOpIAzgbTuMI=,2018-2
boaty82,Y3Vyc29yOnYyOpIAzgbVEVo=,2018-2
teplyuska,Y3Vyc29yOnYyOpIAzgbWg5Q=,2018-2
fifman,Y3Vyc29yOnYyOpIAzgbaZ58=,2018-2
hanxinyu,Y3Vyc29yOnYyOpIAzgbbq90=,2018-2
Rajkumarmagar,Y3Vyc29yOnYyOpIAzgbeZSk=,2018-2
modulexcite,Y3Vyc29yOnYyOpIAzgbs7h4=,2018-3
DeShun-1024,Y3Vyc29yOnYyOpIAzgbz7Mk=,2018-3
shawnyhw6n9,Y3Vyc29yOnYyOpIAzgb2UTg=,2018-3
ghbaqi,Y3Vyc29yOnYyOpIAzgcCoKg=,2018-3
nryanov,Y3Vyc29yOnYyOpIAzgcEfzo=,2018-3
cnmade,Y3Vyc29yOnYyOpIAzgcMDm4=,2018-3
SkylineJia,Y3Vyc29yOnYyOpIAzgcNdEw=,2018-3
nathankurtyka,Y3Vyc29yOnYyOpIAzgcTl44=,2018-3
laravelshao,Y3Vyc29yOnYyOpIAzgcT2YQ=,2018-3
jy01768678,Y3Vyc29yOnYyOpIAzgcUZeg=,2018-3
JessieMumu,Y3Vyc29yOnYyOpIAzgccJbI=,2018-3
yufengyuanx,Y3Vyc29yOnYyOpIAzgceUSQ=,2018-3
chernecov,Y3Vyc29yOnYyOpIAzgcmhsg=,2018-4
irakov,Y3Vyc29yOnYyOpIAzgcycs8=,2018-4
xiaomauncle,Y3Vyc29yOnYyOpIAzgc1BXs=,2018-4
Stevesdm,Y3Vyc29yOnYyOpIAzgc2OY4=,2018-4
xixihaha134,Y3Vyc29yOnYyOpIAzgc5Y_4=,2018-4
jahernandez,Y3Vyc29yOnYyOpIAzgc7Cdg=,2018-4
donhill,Y3Vyc29yOnYyOpIAzgdDKUI=,2018-4
kuzeygh,Y3Vyc29yOnYyOpIAzgdGqog=,2018-4
jovanliuc,Y3Vyc29yOnYyOpIAzgdPGDQ=,2018-4
tellxp,Y3Vyc29yOnYyOpIAzgdT4fc=,2018-4
jmetzz,Y3Vyc29yOnYyOpIAzgdV6ms=,2018-4
piwvh,Y3Vyc29yOnYyOpIAzgdXsUo=,2018-4
fffmysmbkn,Y3Vyc29yOnYyOpIAzgdd340=,2018-5
sorosgao,Y3Vyc29yOnYyOpIAzgdhj94=,2018-5
yutf,Y3Vyc29yOnYyOpIAzgdu-dA=,2018-5
AravindaM,Y3Vyc29yOnYyOpIAzgd22gY=,2018-5
scorp2010,Y3Vyc29yOnYyOpIAzgeBYNQ=,2018-5
pradeepmurthy,Y3Vyc29yOnYyOpIAzgeEc-A=,2018-5
frankliloyalty,Y3Vyc29yOnYyOpIAzgeGjSM=,2018-5
madcrazyboys,Y3Vyc29yOnYyOpIAzgeHswI=,2018-5
olegdatskevich,Y3Vyc29yOnYyOpIAzgeJnGE=,2018-5
JavaProgrammerLB,Y3Vyc29yOnYyOpIAzgeK5p0=,2018-5
crayon-shin-chan,Y3Vyc29yOnYyOpIAzgeW5QI=,2018-6
quanticc,Y3Vyc29yOnYyOpIAzgeXEUQ=,2018-6
geoaxis,Y3Vyc29yOnYyOpIAzgecj08=,2018-6
brempusz,Y3Vyc29yOnYyOpIAzgeeqIs=,2018-6
Chandra158,Y3Vyc29yOnYyOpIAzgejTJU=,2018-6
dongyunzheng,Y3Vyc29yOnYyOpIAzgepy3w=,2018-6
xiayutai,Y3Vyc29yOnYyOpIAzge7Crc=,2018-6
bmo91,Y3Vyc29yOnYyOpIAzge9SZY=,2018-6
coolgeng,Y3Vyc29yOnYyOpIAzge_T18=,2018-6
linkqu,Y3Vyc29yOnYyOpIAzge_eiQ=,2018-6
ardauslu,Y3Vyc29yOnYyOpIAzgfHbQo=,2018-7
lighuang,Y3Vyc29yOnYyOpIAzgfOK0A=,2018-7
theUPquark,Y3Vyc29yOnYyOpIAzgfTSMM=,2018-7
bennetelli,Y3Vyc29yOnYyOpIAzgfUxfk=,2018-7
WaylonSong,Y3Vyc29yOnYyOpIAzgfW-JM=,2018-7
aq2004723,Y3Vyc29yOnYyOpIAzgfcdXQ=,2018-7
hoangpq,Y3Vyc29yOnYyOpIAzgfhhuI=,2018-7
weizai118,Y3Vyc29yOnYyOpIAzgfiYU8=,2018-7
icaoweiwei,Y3Vyc29yOnYyOpIAzgfoNvI=,2018-7
cassiomolin,Y3Vyc29yOnYyOpIAzgfoPQ0=,2018-7
liuqifan,Y3Vyc29yOnYyOpIAzgfoWf0=,2018-7
ngbalk,Y3Vyc29yOnYyOpIAzgfsjMs=,2018-7
cano112,Y3Vyc29yOnYyOpIAzgft9ts=,2018-7
aldwindelgado,Y3Vyc29yOnYyOpIAzgf0jJ0=,2018-7
jamoamo,Y3Vyc29yOnYyOpIAzgf7c14=,2018-8
killman0019,Y3Vyc29yOnYyOpIAzgf9prg=,2018-8
jayknoxqu,Y3Vyc29yOnYyOpIAzgf_Nqk=,2018-8
sqnczzl,Y3Vyc29yOnYyOpIAzggEGI8=,2018-8
jacol84,Y3Vyc29yOnYyOpIAzggFUZ8=,2018-8
ChadThomsonPSC,Y3Vyc29yOnYyOpIAzggG2NY=,2018-8
c-messs,Y3Vyc29yOnYyOpIAzggQUsw=,2018-8
liangjw,Y3Vyc29yOnYyOpIAzggnWtc=,2018-8
bulalak,Y3Vyc29yOnYyOpIAzgg0TD4=,2018-9
chriniko13,Y3Vyc29yOnYyOpIAzgg6EYE=,2018-9
dkapil,Y3Vyc29yOnYyOpIAzgg6MIc=,2018-9
tuphamphuong,Y3Vyc29yOnYyOpIAzghHaGc=,2018-9
mage234,Y3Vyc29yOnYyOpIAzghJfys=,2018-9
up-to-you,Y3Vyc29yOnYyOpIAzghlAOQ=,2018-10
irayslu,Y3Vyc29yOnYyOpIAzghshq8=,2018-10
ionething,Y3Vyc29yOnYyOpIAzghus44=,2018-10
esneko,Y3Vyc29yOnYyOpIAzghyvIw=,2018-10
andreichernov,Y3Vyc29yOnYyOpIAzgh2f0I=,2018-10
RhmnKpc,Y3Vyc29yOnYyOpIAzgh7KzE=,2018-10
bbezanson,Y3Vyc29yOnYyOpIAzgh7VKQ=,2018-10
KhankaLake,Y3Vyc29yOnYyOpIAzgh9yTE=,2018-10
codeworkscn,Y3Vyc29yOnYyOpIAzgiFw9s=,2018-10
DragenZhang,Y3Vyc29yOnYyOpIAzgiGeFQ=,2018-10
monsterflaw,Y3Vyc29yOnYyOpIAzgiHElA=,2018-10
esrever10,Y3Vyc29yOnYyOpIAzgiL55I=,2018-10
AzureCloudMonk,Y3Vyc29yOnYyOpIAzgiUcAY=,2018-11
turlole,Y3Vyc29yOnYyOpIAzgiYxVs=,2018-11
gqlxj1987,Y3Vyc29yOnYyOpIAzgieSac=,2018-11
vulcangz,Y3Vyc29yOnYyOpIAzgih97o=,2018-11
nexcra,Y3Vyc29yOnYyOpIAzgijWW4=,2018-11
xiaoyuMo,Y3Vyc29yOnYyOpIAzgikaHs=,2018-11
marlonpbr,Y3Vyc29yOnYyOpIAzgilEPM=,2018-11
danielpacak,Y3Vyc29yOnYyOpIAzgitwGA=,2018-11
toheng,Y3Vyc29yOnYyOpIAzgiv9hM=,2018-11
mikeparcewski,Y3Vyc29yOnYyOpIAzgiylGc=,2018-11
iamnotterminator,Y3Vyc29yOnYyOpIAzgiy4zo=,2018-11
afermon,Y3Vyc29yOnYyOpIAzgi4cQo=,2018-11
renyaoxiang,Y3Vyc29yOnYyOpIAzgi8hJc=,2018-11
ellenbboe,Y3Vyc29yOnYyOpIAzgjBBUo=,2018-11
vpavic,Y3Vyc29yOnYyOpIAzgjCPgE=,2018-11
leoding,Y3Vyc29yOnYyOpIAzgjCzh0=,2018-11
Jiaweizdev,Y3Vyc29yOnYyOpIAzgjGV6k=,2018-11
SummerWindL,Y3Vyc29yOnYyOpIAzgjIR14=,2018-11
hadly,Y3Vyc29yOnYyOpIAzgjSch0=,2018-12
animate-object,Y3Vyc29yOnYyOpIAzgjU3N4=,2018-12
aristotll,Y3Vyc29yOnYyOpIAzgjYNbM=,2018-12
azizasm,Y3Vyc29yOnYyOpIAzgjYPOQ=,2018-12
gandrade,Y3Vyc29yOnYyOpIAzgjYUDU=,2018-12
dalongmyself,Y3Vyc29yOnYyOpIAzgjY8Nw=,2018-12
wpcfan,Y3Vyc29yOnYyOpIAzgjg4Zc=,2018-12
elefeint,Y3Vyc29yOnYyOpIAzgjiz9E=,2018-12
ViniciusQuaresma,Y3Vyc29yOnYyOpIAzgjkGCw=,2018-12
avmohan,Y3Vyc29yOnYyOpIAzgjppkg=,2018-12
astrod,Y3Vyc29yOnYyOpIAzgjxW5Q=,2018-12
JavaHello,Y3Vyc29yOnYyOpIAzgjx064=,2018-12
aloneboat,Y3Vyc29yOnYyOpIAzgj0ffQ=,2018-12
vokom,Y3Vyc29yOnYyOpIAzgj-ji8=,2018-12
hunwei,Y3Vyc29yOnYyOpIAzgkFhNs=,2019-1
brianincd,Y3Vyc29yOnYyOpIAzgkKNmk=,2019-1
meetshriram,Y3Vyc29yOnYyOpIAzgkKXVI=,2019-1
seckinozden,Y3Vyc29yOnYyOpIAzgkSV94=,2019-1
gumingchao,Y3Vyc29yOnYyOpIAzgkTfU0=,2019-1
jooonak,Y3Vyc29yOnYyOpIAzgkZEAI=,2019-1
ChunMengLu,Y3Vyc29yOnYyOpIAzgkbozM=,2019-1
pawelhenek,Y3Vyc29yOnYyOpIAzgkcbDo=,2019-1
heun,Y3Vyc29yOnYyOpIAzgkezq0=,2019-1
synico,Y3Vyc29yOnYyOpIAzgknrj8=,2019-1
ieiayaobb,Y3Vyc29yOnYyOpIAzgkpoi8=,2019-1
OlegKram,Y3Vyc29yOnYyOpIAzgkvkoI=,2019-1
ckitt,Y3Vyc29yOnYyOpIAzgk8K7Y=,2019-1
caiovlf,Y3Vyc29yOnYyOpIAzgk9Q44=,2019-1
panchalhitesh,Y3Vyc29yOnYyOpIAzglGEeE=,2019-2
salotz,Y3Vyc29yOnYyOpIAzglSdMo=,2019-2
dwitherspoon,Y3Vyc29yOnYyOpIAzglUZWY=,2019-2
juanpabloprado,Y3Vyc29yOnYyOpIAzglgVNI=,2019-2
NeverMind2014,Y3Vyc29yOnYyOpIAzglhmWw=,2019-2
rospe,Y3Vyc29yOnYyOpIAzgliu-Y=,2019-2
mamachanko,Y3Vyc29yOnYyOpIAzglj2Qs=,2019-2
daniloancilotto,Y3Vyc29yOnYyOpIAzgl4mHM=,2019-3
edmilsonspontes,Y3Vyc29yOnYyOpIAzgl-9sQ=,2019-3
mhgerov,Y3Vyc29yOnYyOpIAzgmB38I=,2019-3
ninjayoto,Y3Vyc29yOnYyOpIAzgmIvZo=,2019-3
afattahi54,Y3Vyc29yOnYyOpIAzgmKnTg=,2019-3
koziolk,Y3Vyc29yOnYyOpIAzgmPNSc=,2019-3
sburlyaev,Y3Vyc29yOnYyOpIAzgmTH7I=,2019-3
amtkxa,Y3Vyc29yOnYyOpIAzgmYVUo=,2019-3
guodade,Y3Vyc29yOnYyOpIAzgmj9-4=,2019-3
cr-lgl,Y3Vyc29yOnYyOpIAzgmlFk8=,2019-3
spaceageracer,Y3Vyc29yOnYyOpIAzgmmHoE=,2019-3
JamesChenX,Y3Vyc29yOnYyOpIAzgmm0ko=,2019-3
yhy949,Y3Vyc29yOnYyOpIAzgmrkow=,2019-3
JavaArthur,Y3Vyc29yOnYyOpIAzgmrrjA=,2019-3
iloveyou416068,Y3Vyc29yOnYyOpIAzgmrruY=,2019-3
Mengw,Y3Vyc29yOnYyOpIAzgmrshI=,2019-3
caicaidege,Y3Vyc29yOnYyOpIAzgmrtmI=,2019-3
leogoing,Y3Vyc29yOnYyOpIAzgmrua0=,2019-3
gdut-yy,Y3Vyc29yOnYyOpIAzgmsEWI=,2019-3
Xlinlin,Y3Vyc29yOnYyOpIAzgmuJUY=,2019-3
djb19841006,Y3Vyc29yOnYyOpIAzgmuLhA=,2019-3
shijw823,Y3Vyc29yOnYyOpIAzgmuLy0=,2019-3
liyong1028826685,Y3Vyc29yOnYyOpIAzgmuMpo=,2019-3
ChubbyLi,Y3Vyc29yOnYyOpIAzgmuxf8=,2019-3
liu294100,Y3Vyc29yOnYyOpIAzgmuy78=,2019-3
yollock,Y3Vyc29yOnYyOpIAzgmvwU4=,2019-3
ineyko,Y3Vyc29yOnYyOpIAzgmxEac=,2019-3
luoluocaihong,Y3Vyc29yOnYyOpIAzgmxEuw=,2019-3
jxxiangwen,Y3Vyc29yOnYyOpIAzgmyTb4=,2019-3
InstallingB,Y3Vyc29yOnYyOpIAzgmykak=,2019-3
xianwei,Y3Vyc29yOnYyOpIAzgmztuM=,2019-3
worm128,Y3Vyc29yOnYyOpIAzgm3IAc=,2019-3
xingshijie,Y3Vyc29yOnYyOpIAzgm5FF4=,2019-3
Hinsteny,Y3Vyc29yOnYyOpIAzgm-yz8=,2019-4
logow,Y3Vyc29yOnYyOpIAzgm_ILE=,2019-4
hexiaowu,Y3Vyc29yOnYyOpIAzgnBu_o=,2019-4
comeNie,Y3Vyc29yOnYyOpIAzgnFD10=,2019-4
zhangxiaofeng112,Y3Vyc29yOnYyOpIAzgnFPXQ=,2019-4
chenzdong,Y3Vyc29yOnYyOpIAzgnFSOI=,2019-4
hanzhaoxin,Y3Vyc29yOnYyOpIAzgnNi6w=,2019-4
taylanakkus,Y3Vyc29yOnYyOpIAzgnRmIs=,2019-4
njxmlu,Y3Vyc29yOnYyOpIAzgnR5io=,2019-4
islammohamed,Y3Vyc29yOnYyOpIAzgnUBgQ=,2019-4
WellJay,Y3Vyc29yOnYyOpIAzgnYHEY=,2019-4
xuyue531,Y3Vyc29yOnYyOpIAzgnY6WU=,2019-4
max-gui,Y3Vyc29yOnYyOpIAzgnaHLA=,2019-4
RyRo7,Y3Vyc29yOnYyOpIAzgncjsU=,2019-4
wwwowwwlove,Y3Vyc29yOnYyOpIAzgnf9aw=,2019-4
LuckyCaesar,Y3Vyc29yOnYyOpIAzgnjqUc=,2019-4
rovshenn,Y3Vyc29yOnYyOpIAzgnln2U=,2019-4
tortuvshin,Y3Vyc29yOnYyOpIAzgnmtEI=,2019-4
JustDoItQz,Y3Vyc29yOnYyOpIAzgnpllo=,2019-4
alexpaniman,Y3Vyc29yOnYyOpIAzgnwyzI=,2019-4
yconly,Y3Vyc29yOnYyOpIAzgn5hiw=,2019-4
cddon,Y3Vyc29yOnYyOpIAzgoADtM=,2019-4
rcllong,Y3Vyc29yOnYyOpIAzgoAZwU=,2019-4
liuht777,Y3Vyc29yOnYyOpIAzgoB7to=,2019-4
curtiseng,Y3Vyc29yOnYyOpIAzgoMJlw=,2019-5
waychan23,Y3Vyc29yOnYyOpIAzgoOzLM=,2019-5
moralalp,Y3Vyc29yOnYyOpIAzgoW-Ps=,2019-5
wangaq,Y3Vyc29yOnYyOpIAzgoen0A=,2019-5
xuwenjin,Y3Vyc29yOnYyOpIAzgofKYk=,2019-5
Neeraj-Kashyap-Harman,Y3Vyc29yOnYyOpIAzgohcFg=,2019-5
Laworigin,Y3Vyc29yOnYyOpIAzgo3TmU=,2019-5
busrauman,Y3Vyc29yOnYyOpIAzgo3_6U=,2019-5
ljjbluesky,Y3Vyc29yOnYyOpIAzgpBiSw=,2019-5
ningh121,Y3Vyc29yOnYyOpIAzgpSjL0=,2019-6
mkuraev,Y3Vyc29yOnYyOpIAzgpTcjA=,2019-6
KKKimyh,Y3Vyc29yOnYyOpIAzgpge40=,2019-6
fly-jelly,Y3Vyc29yOnYyOpIAzgpg3YI=,2019-6
wzhang12,Y3Vyc29yOnYyOpIAzgpl5ew=,2019-6
githubcpc,Y3Vyc29yOnYyOpIAzgpnFIw=,2019-6
chenpengjiayou,Y3Vyc29yOnYyOpIAzgpqa9o=,2019-6
stillOnTheWay,Y3Vyc29yOnYyOpIAzgpr8cU=,2019-6
TGhoul,Y3Vyc29yOnYyOpIAzgpuKAY=,2019-6
zhoudi-github,Y3Vyc29yOnYyOpIAzgpxWWI=,2019-6
calmriver,Y3Vyc29yOnYyOpIAzgp02zU=,2019-6
tunaranch,Y3Vyc29yOnYyOpIAzgp2DOM=,2019-6
asasas234,Y3Vyc29yOnYyOpIAzgp4glo=,2019-6
liam-august-h,Y3Vyc29yOnYyOpIAzgp6j-Q=,2019-6
chen-jie,Y3Vyc29yOnYyOpIAzgp-sVk=,2019-6
dgsaigit,Y3Vyc29yOnYyOpIAzgqN1rY=,2019-7
Tjlastnumber,Y3Vyc29yOnYyOpIAzgqPM-c=,2019-7
lijingrong,Y3Vyc29yOnYyOpIAzgqR4_Y=,2019-7
kevinjiang2022,Y3Vyc29yOnYyOpIAzgqWrFY=,2019-7
brainybytes,Y3Vyc29yOnYyOpIAzgqZlRA=,2019-7
vkulpa,Y3Vyc29yOnYyOpIAzgqaLrg=,2019-7
ktonneh,Y3Vyc29yOnYyOpIAzgqkDEE=,2019-7
billtian,Y3Vyc29yOnYyOpIAzgqmfJg=,2019-7
zhouyixiang,Y3Vyc29yOnYyOpIAzgqs3u0=,2019-7
zhentaoJin,Y3Vyc29yOnYyOpIAzgq1pGc=,2019-7
zhaichen,Y3Vyc29yOnYyOpIAzgq5N_E=,2019-7
starofys,Y3Vyc29yOnYyOpIAzgq6t5o=,2019-7
abstiger,Y3Vyc29yOnYyOpIAzgq_Oz0=,2019-7
yindynasty,Y3Vyc29yOnYyOpIAzgq_riI=,2019-7
Hyunzzang,Y3Vyc29yOnYyOpIAzgrBk9s=,2019-7
chanakaudaya,Y3Vyc29yOnYyOpIAzgrBvm8=,2019-7
duzhi,Y3Vyc29yOnYyOpIAzgrFGpQ=,2019-8
fanjiaoyang,Y3Vyc29yOnYyOpIAzgrGve4=,2019-8
axifive,Y3Vyc29yOnYyOpIAzgrKmG8=,2019-8
smilemonkey,Y3Vyc29yOnYyOpIAzgrLflA=,2019-8
zpLiuHH,Y3Vyc29yOnYyOpIAzgrSSQQ=,2019-8
anbusampath,Y3Vyc29yOnYyOpIAzgrTCyM=,2019-8
Tayeb-Ali,Y3Vyc29yOnYyOpIAzgrThyM=,2019-8
ecfuck,Y3Vyc29yOnYyOpIAzgrU1zs=,2019-8
hmingcode,Y3Vyc29yOnYyOpIAzgrYhXM=,2019-8
thinkbig2021,Y3Vyc29yOnYyOpIAzgrYsnQ=,2019-8
Shuangxiding,Y3Vyc29yOnYyOpIAzgrZL7E=,2019-8
jeffmacn,Y3Vyc29yOnYyOpIAzgrbxcI=,2019-8
saragluna,Y3Vyc29yOnYyOpIAzgrdjGo=,2019-8
dev1255,Y3Vyc29yOnYyOpIAzgrjz3I=,2019-8
OzkanCiftci,Y3Vyc29yOnYyOpIAzgrpU0I=,2019-8
kr10n1,Y3Vyc29yOnYyOpIAzgrwwt4=,2019-8
wenxiangtune,Y3Vyc29yOnYyOpIAzgr5ke8=,2019-8
kcaayush2158,Y3Vyc29yOnYyOpIAzgr6R3w=,2019-8
renhongxu123,Y3Vyc29yOnYyOpIAzgsIAME=,2019-9
cqlray,Y3Vyc29yOnYyOpIAzgsLwBg=,2019-9
s2agrahari,Y3Vyc29yOnYyOpIAzgsRIXI=,2019-9
gravitywp,Y3Vyc29yOnYyOpIAzgsWybQ=,2019-9
banncan,Y3Vyc29yOnYyOpIAzgsdgRQ=,2019-9
abekoh,Y3Vyc29yOnYyOpIAzgsmGmA=,2019-9
phuongphally,Y3Vyc29yOnYyOpIAzgspaVo=,2019-9
tommy3531,Y3Vyc29yOnYyOpIAzgs0mqU=,2019-9
Miven666,Y3Vyc29yOnYyOpIAzgs44Nk=,2019-9
lauralevy111,Y3Vyc29yOnYyOpIAzgs5Wpg=,2019-9
himkak,Y3Vyc29yOnYyOpIAzgtBi9U=,2019-10
feynmanzhang,Y3Vyc29yOnYyOpIAzgtHiVY=,2019-10
davidcyp,Y3Vyc29yOnYyOpIAzgtJORo=,2019-10
jameszo,Y3Vyc29yOnYyOpIAzgtUNWQ=,2019-10
Rolly992,Y3Vyc29yOnYyOpIAzgtYCrk=,2019-10
tonycody,Y3Vyc29yOnYyOpIAzgtZ8q4=,2019-10
gabrielbauman,Y3Vyc29yOnYyOpIAzgteRRM=,2019-10
jbreiding,Y3Vyc29yOnYyOpIAzgtknwA=,2019-10
nqhung291,Y3Vyc29yOnYyOpIAzgtm1uc=,2019-10
ArtyomGabeev,Y3Vyc29yOnYyOpIAzgtsT2w=,2019-10
javastacks,Y3Vyc29yOnYyOpIAzgttqN0=,2019-10
cnodin,Y3Vyc29yOnYyOpIAzgt44ZI=,2019-10
marshalby2,Y3Vyc29yOnYyOpIAzgt8LBc=,2019-10
freshconnect,Y3Vyc29yOnYyOpIAzgt9ksU=,2019-11
hsomesun,Y3Vyc29yOnYyOpIAzgt-API=,2019-11
xingguang2013,Y3Vyc29yOnYyOpIAzguBZN4=,2019-11
UltraAdvancedAI,Y3Vyc29yOnYyOpIAzguE7TM=,2019-11
ruikom,Y3Vyc29yOnYyOpIAzguMGq4=,2019-11
alcidesmorales,Y3Vyc29yOnYyOpIAzguS0j4=,2019-11
gazzu,Y3Vyc29yOnYyOpIAzguUjbc=,2019-11
liujianyong,Y3Vyc29yOnYyOpIAzguYdnU=,2019-11
chengcheng222e,Y3Vyc29yOnYyOpIAzguYflY=,2019-11
elhartimohamedcharif,Y3Vyc29yOnYyOpIAzgucTwY=,2019-11
Demuz,Y3Vyc29yOnYyOpIAzgudl60=,2019-11
Mozeze,Y3Vyc29yOnYyOpIAzgufwMw=,2019-11
merkushevio,Y3Vyc29yOnYyOpIAzgutJyM=,2019-11
rshoemake,Y3Vyc29yOnYyOpIAzguuY_w=,2019-11
jtortiz27,Y3Vyc29yOnYyOpIAzguw2u4=,2019-11
yanbw,Y3Vyc29yOnYyOpIAzgu84Ms=,2019-12
ryenus,Y3Vyc29yOnYyOpIAzgvCwDc=,2019-12
boronga,Y3Vyc29yOnYyOpIAzgvN6EU=,2019-12
dheerajp79,Y3Vyc29yOnYyOpIAzgvVLsg=,2019-12
PhilYue,Y3Vyc29yOnYyOpIAzgvWwMM=,2019-12
pinocc,Y3Vyc29yOnYyOpIAzgvo1BQ=,2019-12
h735004790,Y3Vyc29yOnYyOpIAzgvrSbw=,2019-12
shaikhalvee,Y3Vyc29yOnYyOpIAzgvx0dg=,2019-12
honyma,Y3Vyc29yOnYyOpIAzgv2JFE=,2019-12
qdriven,Y3Vyc29yOnYyOpIAzgv5udg=,2020-1
jhrom,Y3Vyc29yOnYyOpIAzgv_DX4=,2020-1
fanchenluanwoxin,Y3Vyc29yOnYyOpIAzgwAnAM=,2020-1
ericmm,Y3Vyc29yOnYyOpIAzgwCu00=,2020-1
tyomakr,Y3Vyc29yOnYyOpIAzgwDAO0=,2020-1
zpliuzpliu,Y3Vyc29yOnYyOpIAzgwEAU8=,2020-1
liuhonbin,Y3Vyc29yOnYyOpIAzgwG1p0=,2020-1
zaeMyn,Y3Vyc29yOnYyOpIAzgwUD14=,2020-1
johnnymillergh,Y3Vyc29yOnYyOpIAzgwUqAQ=,2020-1
WangChenPeng,Y3Vyc29yOnYyOpIAzgwVVpM=,2020-1
koushiqiang,Y3Vyc29yOnYyOpIAzgwVz48=,2020-1
hfj900106,Y3Vyc29yOnYyOpIAzgwe8f0=,2020-1
sirimamilla,Y3Vyc29yOnYyOpIAzgwjiRY=,2020-1
mattvickery,Y3Vyc29yOnYyOpIAzgwpPJY=,2020-1
xhandalax,Y3Vyc29yOnYyOpIAzgw22zU=,2020-2
egor-ponomarev,Y3Vyc29yOnYyOpIAzgw4Uog=,2020-2
ybichel,Y3Vyc29yOnYyOpIAzgxD3-g=,2020-2
oli-ver,Y3Vyc29yOnYyOpIAzgxNNUA=,2020-2
skhe,Y3Vyc29yOnYyOpIAzgxOeiE=,2020-2
egzosn,Y3Vyc29yOnYyOpIAzgxSRTA=,2020-2
827337879,Y3Vyc29yOnYyOpIAzgxUnso=,2020-2
m-hofmann,Y3Vyc29yOnYyOpIAzgxen2E=,2020-2
MuzafferOzturk,Y3Vyc29yOnYyOpIAzgxhF6c=,2020-2
davisnog,Y3Vyc29yOnYyOpIAzgxzISs=,2020-3
somyungsub,Y3Vyc29yOnYyOpIAzgx949g=,2020-3
wangruochan,Y3Vyc29yOnYyOpIAzgx-l5M=,2020-3
vyacheslavoleshko,Y3Vyc29yOnYyOpIAzgyBRtg=,2020-3
aspineon,Y3Vyc29yOnYyOpIAzgyMIfo=,2020-3
akuma8,Y3Vyc29yOnYyOpIAzgySvKE=,2020-3
olegthelilfix,Y3Vyc29yOnYyOpIAzgyXFgQ=,2020-3
misselvexu,Y3Vyc29yOnYyOpIAzgyZMnA=,2020-3
cording,Y3Vyc29yOnYyOpIAzgyfAMQ=,2020-3
mangoknight,Y3Vyc29yOnYyOpIAzgywZrU=,2020-4
choiasher,Y3Vyc29yOnYyOpIAzgyyycc=,2020-4
leonzhangxf,Y3Vyc29yOnYyOpIAzgyzVrk=,2020-4
peter-y,Y3Vyc29yOnYyOpIAzgyz6jI=,2020-4
maxtacco,Y3Vyc29yOnYyOpIAzgy2kZ4=,2020-4
naveenrobo,Y3Vyc29yOnYyOpIAzgy3wxc=,2020-4
kevdoran,Y3Vyc29yOnYyOpIAzgy65kg=,2020-4
22996963,Y3Vyc29yOnYyOpIAzgy8z-w=,2020-4
urtop,Y3Vyc29yOnYyOpIAzgy-d4I=,2020-4
imjmakki,Y3Vyc29yOnYyOpIAzgzBwEo=,2020-4
leexusky,Y3Vyc29yOnYyOpIAzgzF35I=,2020-4
446066740,Y3Vyc29yOnYyOpIAzgzNmqo=,2020-4
mariazevedo88,Y3Vyc29yOnYyOpIAzgzPiY4=,2020-4
SureshReddyGali,Y3Vyc29yOnYyOpIAzgzRl9I=,2020-4
dierent,Y3Vyc29yOnYyOpIAzgzbtug=,2020-4
balajiShan,Y3Vyc29yOnYyOpIAzgzhWUE=,2020-4
HualinCDv,Y3Vyc29yOnYyOpIAzgz6g6Q=,2020-5
kuankitng,Y3Vyc29yOnYyOpIAzgz-fM0=,2020-5
zoujian7,Y3Vyc29yOnYyOpIAzg0AqFg=,2020-5
mikePengW,Y3Vyc29yOnYyOpIAzg0JEQE=,2020-5
sobychacko,Y3Vyc29yOnYyOpIAzg0XnmU=,2020-5
alexandermiss,Y3Vyc29yOnYyOpIAzg0bBnI=,2020-5
gkze,Y3Vyc29yOnYyOpIAzg0hNV8=,2020-5
panchanggui,Y3Vyc29yOnYyOpIAzg0hWE8=,2020-5
dongguangming,Y3Vyc29yOnYyOpIAzg0uZdM=,2020-5
dimapin,Y3Vyc29yOnYyOpIAzg05Qsc=,2020-5
xenoplayed,Y3Vyc29yOnYyOpIAzg09Vzw=,2020-5
popbayun,Y3Vyc29yOnYyOpIAzg0-qwM=,2020-5
H-hao,Y3Vyc29yOnYyOpIAzg1NYTI=,2020-6
iwhsin,Y3Vyc29yOnYyOpIAzg1T6jE=,2020-6
Ubisoft-potato,Y3Vyc29yOnYyOpIAzg1V2Zk=,2020-6
ibrahimelhadeg,Y3Vyc29yOnYyOpIAzg1YsoQ=,2020-6
aqzwss,Y3Vyc29yOnYyOpIAzg1awJg=,2020-6
justinhjy,Y3Vyc29yOnYyOpIAzg1a6CQ=,2020-6
Camphul,Y3Vyc29yOnYyOpIAzg1ixRc=,2020-6
spuerFan,Y3Vyc29yOnYyOpIAzg1khmU=,2020-6
moarychan,Y3Vyc29yOnYyOpIAzg1ou88=,2020-6
sunilsoni,Y3Vyc29yOnYyOpIAzg1y5Rw=,2020-6
pseudovector,Y3Vyc29yOnYyOpIAzg14BGc=,2020-6
gongsiran,Y3Vyc29yOnYyOpIAzg14cpU=,2020-6
lefutonku-github,Y3Vyc29yOnYyOpIAzg2IsHg=,2020-7
Kidlovec,Y3Vyc29yOnYyOpIAzg2KNeQ=,2020-7
zbxue,Y3Vyc29yOnYyOpIAzg2MUnw=,2020-7
zhang110116,Y3Vyc29yOnYyOpIAzg2fL6Q=,2020-7
inspiring-design,Y3Vyc29yOnYyOpIAzg2gzUE=,2020-7
vssprakash,Y3Vyc29yOnYyOpIAzg2hgXE=,2020-7
Dylan-zj,Y3Vyc29yOnYyOpIAzg2iuxU=,2020-7
zhongjjay,Y3Vyc29yOnYyOpIAzg2nIZA=,2020-7
git10135405,Y3Vyc29yOnYyOpIAzg2nOZ4=,2020-7
lin407,Y3Vyc29yOnYyOpIAzg2uyl8=,2020-7
duanshuaimin,Y3Vyc29yOnYyOpIAzg2z10U=,2020-7
tang2992,Y3Vyc29yOnYyOpIAzg20_9I=,2020-7
yepoke,Y3Vyc29yOnYyOpIAzg24IlI=,2020-7
handsight,Y3Vyc29yOnYyOpIAzg3FSUM=,2020-7
subigre,Y3Vyc29yOnYyOpIAzg3NuRU=,2020-7
kimkyunghwan21,Y3Vyc29yOnYyOpIAzg3RPZQ=,2020-8
smalltalkman,Y3Vyc29yOnYyOpIAzg3TGhg=,2020-8
hxbn-proto,Y3Vyc29yOnYyOpIAzg3U_P4=,2020-8
fmvintu,Y3Vyc29yOnYyOpIAzg3VxsM=,2020-8
noyzys,Y3Vyc29yOnYyOpIAzg3XtxM=,2020-8
AndriiMaliuta,Y3Vyc29yOnYyOpIAzg3gSkA=,2020-8
PrimeCaster,Y3Vyc29yOnYyOpIAzg3uSF8=,2020-8
TristinDavis,Y3Vyc29yOnYyOpIAzg3viAA=,2020-8
yesky12,Y3Vyc29yOnYyOpIAzg3xRZ8=,2020-8
duydao,Y3Vyc29yOnYyOpIAzg3xuDs=,2020-8
mnpas,Y3Vyc29yOnYyOpIAzg3yS6o=,2020-8
qiulin,Y3Vyc29yOnYyOpIAzg36xtE=,2020-8
bhushansonaje,Y3Vyc29yOnYyOpIAzg38jgE=,2020-8
1725636955,Y3Vyc29yOnYyOpIAzg4AKpI=,2020-8
liaoqping,Y3Vyc29yOnYyOpIAzg4AlPk=,2020-8
ShaunChow,Y3Vyc29yOnYyOpIAzg4CbhM=,2020-8
xaoyao,Y3Vyc29yOnYyOpIAzg4fXNg=,2020-9
BearEgg,Y3Vyc29yOnYyOpIAzg4gpak=,2020-9
NaturalL,Y3Vyc29yOnYyOpIAzg4gu5E=,2020-9
eliasyaoyc,Y3Vyc29yOnYyOpIAzg4jN8U=,2020-9
joanluk,Y3Vyc29yOnYyOpIAzg4njyg=,2020-9
xiaoyshuai,Y3Vyc29yOnYyOpIAzg4_ua0=,2020-9
jnutting512,Y3Vyc29yOnYyOpIAzg5AwOA=,2020-9
alex-sherwin,Y3Vyc29yOnYyOpIAzg5Kis8=,2020-9
franzfloresjr,Y3Vyc29yOnYyOpIAzg5Orf0=,2020-9
adrianUsr,Y3Vyc29yOnYyOpIAzg5ffXA=,2020-10
zhanghaichang,Y3Vyc29yOnYyOpIAzg5gZGQ=,2020-10
rinagoroh,Y3Vyc29yOnYyOpIAzg5kUpY=,2020-10
ttimot24,Y3Vyc29yOnYyOpIAzg5o874=,2020-10
junejs,Y3Vyc29yOnYyOpIAzg56kyU=,2020-10
yflau,Y3Vyc29yOnYyOpIAzg57d7w=,2020-10
nmuzychuk,Y3Vyc29yOnYyOpIAzg5_Hzk=,2020-10
tsaizihao,Y3Vyc29yOnYyOpIAzg6AY2s=,2020-10
warmonipa,Y3Vyc29yOnYyOpIAzg6A1vI=,2020-10
rkklai,Y3Vyc29yOnYyOpIAzg6Cf-k=,2020-10
shenxinfeng88,Y3Vyc29yOnYyOpIAzg6M4dM=,2020-10
stjordanis,Y3Vyc29yOnYyOpIAzg6PZRc=,2020-10
qq592304796,Y3Vyc29yOnYyOpIAzg6TS0E=,2020-10
shermende,Y3Vyc29yOnYyOpIAzg6Ua4U=,2020-10
KokotovDV,Y3Vyc29yOnYyOpIAzg6W8cc=,2020-10
rainboyan,Y3Vyc29yOnYyOpIAzg6Y8Do=,2020-11
mosnel,Y3Vyc29yOnYyOpIAzg6i1Z0=,2020-11
jkYishon,Y3Vyc29yOnYyOpIAzg6jqQ4=,2020-11
mgl-pub,Y3Vyc29yOnYyOpIAzg6l6DI=,2020-11
cuim,Y3Vyc29yOnYyOpIAzg6raEc=,2020-11
blangero,Y3Vyc29yOnYyOpIAzg6zWho=,2020-11
ICLXL,Y3Vyc29yOnYyOpIAzg61wSw=,2020-11
liangyuanpeng,Y3Vyc29yOnYyOpIAzg63Tsw=,2020-11
ysjwj320,Y3Vyc29yOnYyOpIAzg67cLE=,2020-11
lenmpeng,Y3Vyc29yOnYyOpIAzg67ljE=,2020-11
hanif-mirza,Y3Vyc29yOnYyOpIAzg67qZo=,2020-11
mandrean,Y3Vyc29yOnYyOpIAzg7ji0g=,2020-12
karuppiah7890,Y3Vyc29yOnYyOpIAzg7ozQA=,2020-12
adiril,Y3Vyc29yOnYyOpIAzg7wdPU=,2020-12
dingli9412,Y3Vyc29yOnYyOpIAzg7yysc=,2020-12
415560124,Y3Vyc29yOnYyOpIAzg7y77Q=,2020-12
jhoestevam,Y3Vyc29yOnYyOpIAzg7z6vo=,2020-12
wongainia,Y3Vyc29yOnYyOpIAzg8Aimw=,2020-12
javaself,Y3Vyc29yOnYyOpIAzg8JU3w=,2020-12
matlegdal,Y3Vyc29yOnYyOpIAzg8MdVU=,2020-12
flowman74,Y3Vyc29yOnYyOpIAzg8PSYk=,2020-12
ronrong,Y3Vyc29yOnYyOpIAzg8S8jI=,2020-12
randolph555,Y3Vyc29yOnYyOpIAzg8dci4=,2020-12
jiaofangliang,Y3Vyc29yOnYyOpIAzg8gLpE=,2020-12
pnboot,Y3Vyc29yOnYyOpIAzg8sIaI=,2021-1
mrluanma,Y3Vyc29yOnYyOpIAzg80_ao=,2021-1
mohanaraosv,Y3Vyc29yOnYyOpIAzg83qIk=,2021-1
jonasermert,Y3Vyc29yOnYyOpIAzg9IWG0=,2021-1
491674105,Y3Vyc29yOnYyOpIAzg9XS1c=,2021-1
NicholasPurdy,Y3Vyc29yOnYyOpIAzg9ul-s=,2021-2
yisen-cai,Y3Vyc29yOnYyOpIAzg9wIFA=,2021-2
hoveen,Y3Vyc29yOnYyOpIAzg921Sg=,2021-2
shashankchandrakar96,Y3Vyc29yOnYyOpIAzg97Olc=,2021-2
shen0915jian,Y3Vyc29yOnYyOpIAzg-MC6E=,2021-2
iamprashant,Y3Vyc29yOnYyOpIAzg-MeLQ=,2021-2
zaza89,Y3Vyc29yOnYyOpIAzg-kBZY=,2021-2
sm-71,Y3Vyc29yOnYyOpIAzg-me78=,2021-2
qingyuanLee,Y3Vyc29yOnYyOpIAzg-pPEE=,2021-2
blizzardy,Y3Vyc29yOnYyOpIAzg-9x6o=,2021-3
jscu,Y3Vyc29yOnYyOpIAzg-_DeY=,2021-3
JohnNiang,Y3Vyc29yOnYyOpIAzg-_4FE=,2021-3
andrebarros220,Y3Vyc29yOnYyOpIAzg_BUBA=,2021-3
hehaichao,Y3Vyc29yOnYyOpIAzg_BpUI=,2021-3
trgpa,Y3Vyc29yOnYyOpIAzg_H8eY=,2021-3
marfis,Y3Vyc29yOnYyOpIAzg_Ko0s=,2021-3
updeep,Y3Vyc29yOnYyOpIAzg_OHqc=,2021-3
andole98,Y3Vyc29yOnYyOpIAzg_PfzI=,2021-3
skayvanfar,Y3Vyc29yOnYyOpIAzg_RGzs=,2021-3
dpudpu,Y3Vyc29yOnYyOpIAzg_Rquk=,2021-3
acheonline,Y3Vyc29yOnYyOpIAzg_oqHk=,2021-3
soasada,Y3Vyc29yOnYyOpIAzg_pE64=,2021-3
mrFranklin,Y3Vyc29yOnYyOpIAzg_rQnI=,2021-3
a1yssa,Y3Vyc29yOnYyOpIAzg_3sMg=,2021-3
senthilaru,Y3Vyc29yOnYyOpIAzhABICI=,2021-4
wang1186956992,Y3Vyc29yOnYyOpIAzhAZA-w=,2021-4
Charles-Kai,Y3Vyc29yOnYyOpIAzhAabSY=,2021-4
jamesmuo,Y3Vyc29yOnYyOpIAzhAluo4=,2021-4
Nasller,Y3Vyc29yOnYyOpIAzhAno6A=,2021-4
Fiber-Man,Y3Vyc29yOnYyOpIAzhAtzqI=,2021-4
hungbang,Y3Vyc29yOnYyOpIAzhAt20k=,2021-4
JJungwoo,Y3Vyc29yOnYyOpIAzhA8gcE=,2021-4
Edwardchengar,Y3Vyc29yOnYyOpIAzhBDbYc=,2021-4
qq529618567,Y3Vyc29yOnYyOpIAzhBFxj8=,2021-4
AhmedSM1,Y3Vyc29yOnYyOpIAzhBG6Ks=,2021-4
kubraiscier,Y3Vyc29yOnYyOpIAzhBVn-I=,2021-5
TAKETODAY,Y3Vyc29yOnYyOpIAzhBcf60=,2021-5
royalwang,Y3Vyc29yOnYyOpIAzhB8Nao=,2021-5
111skr,Y3Vyc29yOnYyOpIAzhB8tH8=,2021-5
recaifurkan,Y3Vyc29yOnYyOpIAzhCC-lI=,2021-5
d3v3l0,Y3Vyc29yOnYyOpIAzhCJcLM=,2021-5
woyouwole2012,Y3Vyc29yOnYyOpIAzhCNE8g=,2021-5
cagev,Y3Vyc29yOnYyOpIAzhCbLi4=,2021-6
fleetingold,Y3Vyc29yOnYyOpIAzhCmlow=,2021-6
instanceofmel,Y3Vyc29yOnYyOpIAzhCp0hw=,2021-6
bendathierrycom,Y3Vyc29yOnYyOpIAzhC1Vb4=,2021-6
xerZV,Y3Vyc29yOnYyOpIAzhC-XLo=,2021-6
hoyacom,Y3Vyc29yOnYyOpIAzhDIrrY=,2021-6
almegdad,Y3Vyc29yOnYyOpIAzhDRUN0=,2021-6
SimonJang,Y3Vyc29yOnYyOpIAzhDTz5E=,2021-6
jiancloud,Y3Vyc29yOnYyOpIAzhDhF3I=,2021-7
jinshengyong,Y3Vyc29yOnYyOpIAzhDp0lY=,2021-7
rummolprod999,Y3Vyc29yOnYyOpIAzhDqEts=,2021-7
zhencao-art,Y3Vyc29yOnYyOpIAzhDs9hE=,2021-7
thesoundofsilent,Y3Vyc29yOnYyOpIAzhDwRVY=,2021-7
zhangyunan1994,Y3Vyc29yOnYyOpIAzhD-Qsg=,2021-7
ardonb,Y3Vyc29yOnYyOpIAzhEBJd8=,2021-7
omarchenko4j,Y3Vyc29yOnYyOpIAzhEM5VE=,2021-7
dongdong-01,Y3Vyc29yOnYyOpIAzhEO-6U=,2021-7
josephzhang999,Y3Vyc29yOnYyOpIAzhEPVyo=,2021-7
c825503724,Y3Vyc29yOnYyOpIAzhESVZ4=,2021-7
YunByungKwan,Y3Vyc29yOnYyOpIAzhEb038=,2021-7
endlessc,Y3Vyc29yOnYyOpIAzhEmlM0=,2021-8
sheepyu,Y3Vyc29yOnYyOpIAzhEniKY=,2021-8
gonzalofh,Y3Vyc29yOnYyOpIAzhEyvmE=,2021-8
jamiedevsandbox,Y3Vyc29yOnYyOpIAzhE1oHo=,2021-8
alwyn,Y3Vyc29yOnYyOpIAzhE18vo=,2021-8
205140040,Y3Vyc29yOnYyOpIAzhE5QIY=,2021-8
almogtavor,Y3Vyc29yOnYyOpIAzhE6neE=,2021-8
sunzheng2017,Y3Vyc29yOnYyOpIAzhFFNXI=,2021-8
shuhailurenjia,Y3Vyc29yOnYyOpIAzhFGYTY=,2021-8
yodous,Y3Vyc29yOnYyOpIAzhFNBOM=,2021-8
danhdanh1997,Y3Vyc29yOnYyOpIAzhFOXLM=,2021-8
stxpons,Y3Vyc29yOnYyOpIAzhFRYxI=,2021-8
KeiraX,Y3Vyc29yOnYyOpIAzhFW6-A=,2021-8
hengist-wrynn,Y3Vyc29yOnYyOpIAzhFcrqE=,2021-8
rjayhub,Y3Vyc29yOnYyOpIAzhFfP4Y=,2021-8
valb3r,Y3Vyc29yOnYyOpIAzhFoitQ=,2021-9
rai-prashanna,Y3Vyc29yOnYyOpIAzhFrD2g=,2021-9
ebellakk,Y3Vyc29yOnYyOpIAzhFs3sE=,2021-9
sombochea,Y3Vyc29yOnYyOpIAzhFvp0U=,2021-9
ytzhang,Y3Vyc29yOnYyOpIAzhF4PQw=,2021-9
lrs-rodrigues,Y3Vyc29yOnYyOpIAzhF_zFg=,2021-9
atrocitytheme,Y3Vyc29yOnYyOpIAzhGAA7E=,2021-9
grubeninspekteur,Y3Vyc29yOnYyOpIAzhGF_CQ=,2021-9
aaronz,Y3Vyc29yOnYyOpIAzhGLmV0=,2021-9
toyopilgrim,Y3Vyc29yOnYyOpIAzhGbeAM=,2021-9
afjiei0f0e0f0,Y3Vyc29yOnYyOpIAzhGsub0=,2021-9
SevDan,Y3Vyc29yOnYyOpIAzhGyMS4=,2021-10
mesutpiskin,Y3Vyc29yOnYyOpIAzhG6y-w=,2021-10
groat-mike,Y3Vyc29yOnYyOpIAzhG7PCE=,2021-10
gabriel-rcpereira,Y3Vyc29yOnYyOpIAzhHGk58=,2021-10
Tony-Xiong,Y3Vyc29yOnYyOpIAzhHKNSI=,2021-10
rishiraj88,Y3Vyc29yOnYyOpIAzhHavxA=,2021-10
mysll,Y3Vyc29yOnYyOpIAzhHxJWM=,2021-10
young1lin,Y3Vyc29yOnYyOpIAzhIEH-4=,2021-11
wmz831,Y3Vyc29yOnYyOpIAzhIH5iA=,2021-11
mmfalcao,Y3Vyc29yOnYyOpIAzhIOpQM=,2021-11
Meteorkor,Y3Vyc29yOnYyOpIAzhIT89Q=,2021-11
erxiaoouba,Y3Vyc29yOnYyOpIAzhIaI70=,2021-11
sheepblueblue,Y3Vyc29yOnYyOpIAzhIdwUk=,2021-11
sun3shines,Y3Vyc29yOnYyOpIAzhIfdTM=,2021-11
carlosevieira,Y3Vyc29yOnYyOpIAzhIplEs=,2021-11
ahxiaoqi,Y3Vyc29yOnYyOpIAzhJEOE8=,2021-12
tty46g,Y3Vyc29yOnYyOpIAzhJPOQA=,2021-12
roger751,Y3Vyc29yOnYyOpIAzhJVIpg=,2021-12
mujidd,Y3Vyc29yOnYyOpIAzhJdKuA=,2021-12
jenven,Y3Vyc29yOnYyOpIAzhJi8RY=,2021-12
thepaep,Y3Vyc29yOnYyOpIAzhJtLr4=,2021-12
JBlazingSun,Y3Vyc29yOnYyOpIAzhJvw_s=,2021-12
diedai,Y3Vyc29yOnYyOpIAzhJ2YW8=,2021-12
yaoqiangpersonal,Y3Vyc29yOnYyOpIAzhJ_EyE=,2021-12
semihbkgr,Y3Vyc29yOnYyOpIAzhKAhQE=,2021-12
authc0d3,Y3Vyc29yOnYyOpIAzhKBmw4=,2021-12
markusherbert,Y3Vyc29yOnYyOpIAzhKCiyU=,2021-12
sudoHackIn,Y3Vyc29yOnYyOpIAzhKEx9w=,2021-12
AllegraMcdonnell123,Y3Vyc29yOnYyOpIAzhKbjqQ=,2022-1
kkofk,Y3Vyc29yOnYyOpIAzhKi2Lo=,2022-1
yangyang9966,Y3Vyc29yOnYyOpIAzhKkHn4=,2022-1
rancherz,Y3Vyc29yOnYyOpIAzhKpZ94=,2022-1
holeman79,Y3Vyc29yOnYyOpIAzhK4I-8=,2022-1
cppwfs,Y3Vyc29yOnYyOpIAzhK5-FM=,2022-1
86dh,Y3Vyc29yOnYyOpIAzhLJKgg=,2022-1
PheaSoy,Y3Vyc29yOnYyOpIAzhLQYRo=,2022-1
tinymeng,Y3Vyc29yOnYyOpIAzhLVaps=,2022-1
integratioa,Y3Vyc29yOnYyOpIAzhLZn98=,2022-1
aebruikeraebruiker,Y3Vyc29yOnYyOpIAzhLcYDw=,2022-1
minyul,Y3Vyc29yOnYyOpIAzhLfsgc=,2022-1
murodin,Y3Vyc29yOnYyOpIAzhLkk4E=,2022-1
jason-dexter,Y3Vyc29yOnYyOpIAzhLmjUc=,2022-1
inputinput77777,Y3Vyc29yOnYyOpIAzhLo37c=,2022-2
kingbrown9,Y3Vyc29yOnYyOpIAzhL4ZF8=,2022-2
codeministry,Y3Vyc29yOnYyOpIAzhL5Q6g=,2022-2
migroskub,Y3Vyc29yOnYyOpIAzhMFC6k=,2022-2
bafuka,Y3Vyc29yOnYyOpIAzhMQMMM=,2022-2
baobaodegege,Y3Vyc29yOnYyOpIAzhMU4O8=,2022-2
amirsh71,Y3Vyc29yOnYyOpIAzhMZGk0=,2022-2
devlap2,Y3Vyc29yOnYyOpIAzhMuhZY=,2022-2
ukraineukria,Y3Vyc29yOnYyOpIAzhMwoUY=,2022-2
apffa,Y3Vyc29yOnYyOpIAzhNNyaU=,2022-3
takahiro-prog,Y3Vyc29yOnYyOpIAzhNQ_lY=,2022-3
tkonish,Y3Vyc29yOnYyOpIAzhNSABQ=,2022-3
ms3586109,Y3Vyc29yOnYyOpIAzhNTITg=,2022-3
chenearl,Y3Vyc29yOnYyOpIAzhNTi0E=,2022-3
tjkaufman,Y3Vyc29yOnYyOpIAzhNZQsY=,2022-3
jifeiiii,Y3Vyc29yOnYyOpIAzhNoSC4=,2022-3
cpoisnel,Y3Vyc29yOnYyOpIAzhNyAVg=,2022-3
abudanov,Y3Vyc29yOnYyOpIAzhN1pT0=,2022-3
tspannhw,Y3Vyc29yOnYyOpIAzhN6Hgk=,2022-3
Baby8093girl,Y3Vyc29yOnYyOpIAzhOARZI=,2022-3
songwencn,Y3Vyc29yOnYyOpIAzhOCgbc=,2022-3
JsyinCode,Y3Vyc29yOnYyOpIAzhODJs0=,2022-3
rupertw,Y3Vyc29yOnYyOpIAzhOK3vs=,2022-4
jk2K,Y3Vyc29yOnYyOpIAzhON6jw=,2022-4
hjsfdhkjsafh,Y3Vyc29yOnYyOpIAzhOkSEU=,2022-4
rogerchina,Y3Vyc29yOnYyOpIAzhPFukc=,2022-4
trakuk,Y3Vyc29yOnYyOpIAzhPJNVs=,2022-4
Amer-Jabar,Y3Vyc29yOnYyOpIAzhPKIts=,2022-4
liangjiawei,Y3Vyc29yOnYyOpIAzhPMXJk=,2022-4
taoguan,Y3Vyc29yOnYyOpIAzhPUuLQ=,2022-4
Robert0577,Y3Vyc29yOnYyOpIAzhPoCvY=,2022-5
mujahedalaqqad,Y3Vyc29yOnYyOpIAzhPq39w=,2022-5
juanArguello,Y3Vyc29yOnYyOpIAzhP0TcQ=,2022-5
601437477,Y3Vyc29yOnYyOpIAzhP9_WM=,2022-5
buianhtai,Y3Vyc29yOnYyOpIAzhP__tg=,2022-5
husseyd,Y3Vyc29yOnYyOpIAzhQAz_U=,2022-5
cppshizoidS,Y3Vyc29yOnYyOpIAzhQDsfs=,2022-5
O-o-Ps,Y3Vyc29yOnYyOpIAzhQJEg0=,2022-5
alizaga,Y3Vyc29yOnYyOpIAzhQSI7I=,2022-5
Ranisol,Y3Vyc29yOnYyOpIAzhQhz90=,2022-5
sajjad-dehghani,Y3Vyc29yOnYyOpIAzhQpUEk=,2022-5
pojacks,Y3Vyc29yOnYyOpIAzhQ5SlQ=,2022-6
iansmithj11,Y3Vyc29yOnYyOpIAzhQ50Aw=,2022-6
Mr-Koala,Y3Vyc29yOnYyOpIAzhQ_oRc=,2022-6
lynch19,Y3Vyc29yOnYyOpIAzhRWIoA=,2022-6
dajemet379,Y3Vyc29yOnYyOpIAzhRl4ug=,2022-6
zhulin40,Y3Vyc29yOnYyOpIAzhRuY9Y=,2022-6
GregBragg,Y3Vyc29yOnYyOpIAzhRuh1E=,2022-6
eralmansouri,Y3Vyc29yOnYyOpIAzhRymQQ=,2022-6
straiforos,Y3Vyc29yOnYyOpIAzhR4RGs=,2022-6
angeltping,Y3Vyc29yOnYyOpIAzhR59Lc=,2022-6
WashingtonWang,Y3Vyc29yOnYyOpIAzhR8OTs=,2022-6
qclucky7,Y3Vyc29yOnYyOpIAzhR8Ol4=,2022-6
guojinlong,Y3Vyc29yOnYyOpIAzhR9ORI=,2022-6
hexiongyun,Y3Vyc29yOnYyOpIAzhSHUzg=,2022-7
minwh,Y3Vyc29yOnYyOpIAzhSOUyg=,2022-7
CzPew,Y3Vyc29yOnYyOpIAzhSRkQQ=,2022-7
oxcafedead,Y3Vyc29yOnYyOpIAzhSSgUc=,2022-7
shitao0713,Y3Vyc29yOnYyOpIAzhSYO0E=,2022-7
isgasho,Y3Vyc29yOnYyOpIAzhSar78=,2022-7
Blidenchill,Y3Vyc29yOnYyOpIAzhSn_ws=,2022-7
15827493947,Y3Vyc29yOnYyOpIAzhSq-H8=,2022-7
rolkhas2,Y3Vyc29yOnYyOpIAzhSuU3c=,2022-7
SpaceCorner,Y3Vyc29yOnYyOpIAzhSzqUI=,2022-7
moritzreiter,Y3Vyc29yOnYyOpIAzhS7Vt4=,2022-7
jojopad,Y3Vyc29yOnYyOpIAzhS-b94=,2022-7
sandysnunes,Y3Vyc29yOnYyOpIAzhTDioY=,2022-7
AdilkhanAbdrashov,Y3Vyc29yOnYyOpIAzhTYwB4=,2022-8
Henrique-stux,Y3Vyc29yOnYyOpIAzhTZyFM=,2022-8
yccco1,Y3Vyc29yOnYyOpIAzhT8FAw=,2022-8
teddybear3391,Y3Vyc29yOnYyOpIAzhUMNWM=,2022-8
kfoekao,Y3Vyc29yOnYyOpIAzhUNgIQ=,2022-8
nav1ce,Y3Vyc29yOnYyOpIAzhUPpLA=,2022-8
gurpreetsingh91,Y3Vyc29yOnYyOpIAzhUTsFs=,2022-8
goldtoad6,Y3Vyc29yOnYyOpIAzhUiMkk=,2022-8
satheesh-st-sais,Y3Vyc29yOnYyOpIAzhUp0Es=,2022-8
Ho2eny,Y3Vyc29yOnYyOpIAzhUqfoA=,2022-9
Tona-Mangobyte,Y3Vyc29yOnYyOpIAzhUvWlQ=,2022-9
mkrzywanski,Y3Vyc29yOnYyOpIAzhUv8XY=,2022-9
emrealkaya,Y3Vyc29yOnYyOpIAzhUzh4U=,2022-9
cboudereau,Y3Vyc29yOnYyOpIAzhU2bpQ=,2022-9
anuebel,Y3Vyc29yOnYyOpIAzhU9XnA=,2022-9
wang-yonglin,Y3Vyc29yOnYyOpIAzhU-YT4=,2022-9
727369862,Y3Vyc29yOnYyOpIAzhVRL9I=,2022-9
SelimHorri,Y3Vyc29yOnYyOpIAzhVsArk=,2022-9
him-bhar,Y3Vyc29yOnYyOpIAzhV18E0=,2022-9
UnderwearDark,Y3Vyc29yOnYyOpIAzhWUrtw=,2022-10
jebnix,Y3Vyc29yOnYyOpIAzhWWnA8=,2022-10
im-sheheryar,Y3Vyc29yOnYyOpIAzhWdK8s=,2022-10
zhaojc,Y3Vyc29yOnYyOpIAzhWoJlw=,2022-10
ganesa-vijayakumar,Y3Vyc29yOnYyOpIAzhWq7P4=,2022-10
antbrykov,Y3Vyc29yOnYyOpIAzhWsP30=,2022-10
usamkr,Y3Vyc29yOnYyOpIAzhW8-fw=,2022-10
it985,Y3Vyc29yOnYyOpIAzhXAzpw=,2022-10
pxzxj,Y3Vyc29yOnYyOpIAzhXFQh4=,2022-10
roon-replica,Y3Vyc29yOnYyOpIAzhXKFnE=,2022-10
kylevessPL,Y3Vyc29yOnYyOpIAzhXSRAA=,2022-10
Kicey,Y3Vyc29yOnYyOpIAzhXUPN8=,2022-11
YYF-CHINA,Y3Vyc29yOnYyOpIAzhXURWM=,2022-11
guesshe,Y3Vyc29yOnYyOpIAzhXb6I4=,2022-11
boreham,Y3Vyc29yOnYyOpIAzhXrHfk=,2022-11
jose-bocanegra,Y3Vyc29yOnYyOpIAzhYBjuA=,2022-11
13950136760,Y3Vyc29yOnYyOpIAzhYHpOY=,2022-11
sinolan,Y3Vyc29yOnYyOpIAzhYUeok=,2022-11
Noblegasesgoo,Y3Vyc29yOnYyOpIAzhYajIA=,2022-11
Croissong,Y3Vyc29yOnYyOpIAzhYayzk=,2022-11
yangliuyu,Y3Vyc29yOnYyOpIAzhYbL6E=,2022-11
romainpurchla,Y3Vyc29yOnYyOpIAzhYiiNY=,2022-11
AnBaTh96,Y3Vyc29yOnYyOpIAzhY5VmM=,2022-12
abeshenov,Y3Vyc29yOnYyOpIAzhZAvnw=,2022-12
uqurcetin,Y3Vyc29yOnYyOpIAzhZBfnE=,2022-12
amirensit,Y3Vyc29yOnYyOpIAzhZEXoY=,2022-12
HKMV,Y3Vyc29yOnYyOpIAzhZMp1s=,2022-12
tinyhema,Y3Vyc29yOnYyOpIAzhZV5Jg=,2022-12
demming,Y3Vyc29yOnYyOpIAzhZeKO4=,2022-12
guluxiaolu,Y3Vyc29yOnYyOpIAzhZnny0=,2022-12
TommyMcLai,Y3Vyc29yOnYyOpIAzhZot3Y=,2022-12
ravikantshukla,Y3Vyc29yOnYyOpIAzhZw-70=,2022-12
shaurya10000,Y3Vyc29yOnYyOpIAzhZ39rc=,2022-12
gcdd1993,Y3Vyc29yOnYyOpIAzhaMCFA=,2023-1
Remember2015,Y3Vyc29yOnYyOpIAzhaa3EE=,2023-1
wangxiang4,Y3Vyc29yOnYyOpIAzhapAuk=,2023-1
Kalab21,Y3Vyc29yOnYyOpIAzha-y5c=,2023-1
edson-a-soares,Y3Vyc29yOnYyOpIAzhbSfOQ=,2023-1
jefferson-son,Y3Vyc29yOnYyOpIAzhbeUI8=,2023-1
tsangrex,Y3Vyc29yOnYyOpIAzhbv9uA=,2023-2
linqingyanga,Y3Vyc29yOnYyOpIAzhb6HCY=,2023-2
oxxsusu,Y3Vyc29yOnYyOpIAzhcJKQQ=,2023-2
Fed-Bauer,Y3Vyc29yOnYyOpIAzhcX88k=,2023-2
wangzhiyong1024,Y3Vyc29yOnYyOpIAzhcZVWA=,2023-2
Eugene-Jou,Y3Vyc29yOnYyOpIAzhceKsg=,2023-2
yangsx95,Y3Vyc29yOnYyOpIAzhckGEg=,2023-2
dengbuladuo,Y3Vyc29yOnYyOpIAzhdQMX0=,2023-2
MotozovArtyom,Y3Vyc29yOnYyOpIAzhdXnwQ=,2023-2
limo520,Y3Vyc29yOnYyOpIAzhdcf9o=,2023-3
raymondsugiarto-ap,Y3Vyc29yOnYyOpIAzhdmC-M=,2023-3
zzk0803,Y3Vyc29yOnYyOpIAzhe3_YU=,2023-3
martiger,Y3Vyc29yOnYyOpIAzhe5AzE=,2023-3
lnhunt11,Y3Vyc29yOnYyOpIAzhfVkVA=,2023-3
radekzak,Y3Vyc29yOnYyOpIAzhfzJN0=,2023-3
magnus-larsson,Y3Vyc29yOnYyOpIAzhf5AE4=,2023-3
Arnult,Y3Vyc29yOnYyOpIAzhf5P68=,2023-3
armdev,Y3Vyc29yOnYyOpIAzhf7E3I=,2023-3
zhaiyf,Y3Vyc29yOnYyOpIAzhgBSx8=,2023-3
wang-sheng-pu1002,Y3Vyc29yOnYyOpIAzhgbNb0=,2023-3
caiormt,Y3Vyc29yOnYyOpIAzhgmWLc=,2023-3
sndpg,Y3Vyc29yOnYyOpIAzhgv0DM=,2023-4
ShakeCode,Y3Vyc29yOnYyOpIAzhg0l5k=,2023-4
KennDryke,Y3Vyc29yOnYyOpIAzhg6_wA=,2023-4
swandevson,Y3Vyc29yOnYyOpIAzhhGhEA=,2023-4
HardwayLinka,Y3Vyc29yOnYyOpIAzhhJ8i0=,2023-4
harmonyzhang,Y3Vyc29yOnYyOpIAzhhQ9iY=,2023-4
yun96,Y3Vyc29yOnYyOpIAzhhUsAA=,2023-4
auto-generated,Y3Vyc29yOnYyOpIAzhhVc4s=,2023-4
MohamedMeeraFazil29,Y3Vyc29yOnYyOpIAzhhiE6g=,2023-4
Mhendrapratap,Y3Vyc29yOnYyOpIAzhhmlQs=,2023-4
louyongjiu,Y3Vyc29yOnYyOpIAzhh_CPk=,2023-4
JingYunLiu,Y3Vyc29yOnYyOpIAzhh_SA8=,2023-4
rainb0w-light,Y3Vyc29yOnYyOpIAzhh_91c=,2023-4
iamcyw,Y3Vyc29yOnYyOpIAzhiC4A0=,2023-4
britainlondon,Y3Vyc29yOnYyOpIAzhiPu50=,2023-4
totoro-io,Y3Vyc29yOnYyOpIAzhia7bw=,2023-4
thanhfphan,Y3Vyc29yOnYyOpIAzhicKfI=,2023-4
RATIONAL331,Y3Vyc29yOnYyOpIAzhicU3U=,2023-4
seiyap70,Y3Vyc29yOnYyOpIAzhifz2o=,2023-4
linyi2376,Y3Vyc29yOnYyOpIAzhii6Zg=,2023-4
Hank-Yan,Y3Vyc29yOnYyOpIAzhijXnI=,2023-4
andysundar,Y3Vyc29yOnYyOpIAzhivGmc=,2023-5
sergejsvisockis,Y3Vyc29yOnYyOpIAzhi1sic=,2023-5
EddieChoCho,Y3Vyc29yOnYyOpIAzhjx1os=,2023-5
myuh236,Y3Vyc29yOnYyOpIAzhj0uhs=,2023-5
akashrre,Y3Vyc29yOnYyOpIAzhj2HqY=,2023-5
Lunatix01,Y3Vyc29yOnYyOpIAzhj2r9Q=,2023-5
ndrsllwngr,Y3Vyc29yOnYyOpIAzhj23u8=,2023-5
geneaky,Y3Vyc29yOnYyOpIAzhj3Kaw=,2023-5
dcppsqrb,Y3Vyc29yOnYyOpIAzhj3eNc=,2023-5
desaijay315,Y3Vyc29yOnYyOpIAzhj3xR4=,2023-5
zhiyi98,Y3Vyc29yOnYyOpIAzhkL4Pg=,2023-5
