"['login']","['cursor']","['starredAt']"
"ghoolooloo","Y3Vyc29yOnYyOpIAzgrrRqs=","2019-8"
"hy-cream","Y3Vyc29yOnYyOpIAzgrrSQQ=","2019-8"
"326524197","Y3Vyc29yOnYyOpIAzgrrWJE=","2019-8"
"272496522","Y3Vyc29yOnYyOpIAzgrrhu0=","2019-8"
"lxingfei","Y3Vyc29yOnYyOpIAzgrri-c=","2019-8"
"wangchunbin01","Y3Vyc29yOnYyOpIAzgrrk-4=","2019-8"
"insight-outsight","Y3Vyc29yOnYyOpIAzgrrnME=","2019-8"
"seongjunlee13","Y3Vyc29yOnYyOpIAzgrroWo=","2019-8"
"EKwongChum","Y3Vyc29yOnYyOpIAzgrronw=","2019-8"
"JackChenLucky","Y3Vyc29yOnYyOpIAzgrrv1Q=","2019-8"
"ccc-chj","Y3Vyc29yOnYyOpIAzgrrxC8=","2019-8"
"xeathen","Y3Vyc29yOnYyOpIAzgrr1Qw=","2019-8"
"Llewellin","Y3Vyc29yOnYyOpIAzgrr148=","2019-8"
"YfeiLi","Y3Vyc29yOnYyOpIAzgrr3jo=","2019-8"
"nelsonli33","Y3Vyc29yOnYyOpIAzgrr3zU=","2019-8"
"gupta-ji6","Y3Vyc29yOnYyOpIAzgrr7q4=","2019-8"
"1994371810","Y3Vyc29yOnYyOpIAzgrr_rA=","2019-8"
"newcoderlife","Y3Vyc29yOnYyOpIAzgrsAsM=","2019-8"
"yoga0521","Y3Vyc29yOnYyOpIAzgrsClI=","2019-8"
"mikeldpl","Y3Vyc29yOnYyOpIAzgrsJPQ=","2019-8"
"leonezhu","Y3Vyc29yOnYyOpIAzgrsLws=","2019-8"
"qakki","Y3Vyc29yOnYyOpIAzgrsRhs=","2019-8"
"Granttt","Y3Vyc29yOnYyOpIAzgrsWto=","2019-8"
"lyk1576070851","Y3Vyc29yOnYyOpIAzgrscGo=","2019-8"
"githinho","Y3Vyc29yOnYyOpIAzgrscHQ=","2019-8"
"Shellbye","Y3Vyc29yOnYyOpIAzgrscJw=","2019-8"
"wangpeili111","Y3Vyc29yOnYyOpIAzgrsk7w=","2019-8"
"ioarg","Y3Vyc29yOnYyOpIAzgrsnQY=","2019-8"
"thiagoblima","Y3Vyc29yOnYyOpIAzgrs2KA=","2019-8"
"sdgs72","Y3Vyc29yOnYyOpIAzgrs20c=","2019-8"
"tkvangorder","Y3Vyc29yOnYyOpIAzgrtCZU=","2019-8"
"ppolushkin","Y3Vyc29yOnYyOpIAzgrtLhk=","2019-8"
"Emarcode","Y3Vyc29yOnYyOpIAzgrtLkI=","2019-8"
"Rue14","Y3Vyc29yOnYyOpIAzgrtT44=","2019-8"
"DragonMoling","Y3Vyc29yOnYyOpIAzgrtZvM=","2019-8"
"ddiamondd","Y3Vyc29yOnYyOpIAzgrtgv8=","2019-8"
"lixinglin213","Y3Vyc29yOnYyOpIAzgrtlPQ=","2019-8"
"liaoxu","Y3Vyc29yOnYyOpIAzgrtozI=","2019-8"
"ciryu","Y3Vyc29yOnYyOpIAzgrtqrM=","2019-8"
"Red-Ring","Y3Vyc29yOnYyOpIAzgrtrgg=","2019-8"
"lunjiang","Y3Vyc29yOnYyOpIAzgrtx8M=","2019-8"
"15198184721","Y3Vyc29yOnYyOpIAzgrt0dQ=","2019-8"
"gnng","Y3Vyc29yOnYyOpIAzgrt0uY=","2019-8"
"compscikaran","Y3Vyc29yOnYyOpIAzgrt51E=","2019-8"
"XuHuaYang","Y3Vyc29yOnYyOpIAzgruMdQ=","2019-8"
"zxy-andy","Y3Vyc29yOnYyOpIAzgrugvk=","2019-8"
"pengwenfu","Y3Vyc29yOnYyOpIAzgrupgY=","2019-8"
"liupng","Y3Vyc29yOnYyOpIAzgrutrM=","2019-8"
"Sorondare","Y3Vyc29yOnYyOpIAzgruzjI=","2019-8"
"piyapsri","Y3Vyc29yOnYyOpIAzgru0tE=","2019-8"
"niefeilong","Y3Vyc29yOnYyOpIAzgru4bo=","2019-8"
"storyxiehucheng","Y3Vyc29yOnYyOpIAzgrvDDo=","2019-8"
"domnch","Y3Vyc29yOnYyOpIAzgrvICE=","2019-8"
"AmritMalla","Y3Vyc29yOnYyOpIAzgrvIms=","2019-8"
"jfriedenstab","Y3Vyc29yOnYyOpIAzgrvYAg=","2019-8"
"guoyangguang01","Y3Vyc29yOnYyOpIAzgrvcNw=","2019-8"
"GongWeiPoby","Y3Vyc29yOnYyOpIAzgrvk_Y=","2019-8"
"JiaRuQiang","Y3Vyc29yOnYyOpIAzgrvoYY=","2019-8"
"chengyan0079","Y3Vyc29yOnYyOpIAzgrvqZw=","2019-8"
"KeshawnZhen","Y3Vyc29yOnYyOpIAzgrvwpU=","2019-8"
"jieyugithub","Y3Vyc29yOnYyOpIAzgrvzQw=","2019-8"
"kioyong","Y3Vyc29yOnYyOpIAzgrvzmU=","2019-8"
"DoubleFooker","Y3Vyc29yOnYyOpIAzgrv3mI=","2019-8"
"andres-morenogr","Y3Vyc29yOnYyOpIAzgrv45s=","2019-8"
"qq2057157","Y3Vyc29yOnYyOpIAzgrv_n8=","2019-8"
"Uarealoser","Y3Vyc29yOnYyOpIAzgrwCi8=","2019-8"
"Mathtrace","Y3Vyc29yOnYyOpIAzgrwEcw=","2019-8"
"averycheng","Y3Vyc29yOnYyOpIAzgrwGAg=","2019-8"
"PrigovorO","Y3Vyc29yOnYyOpIAzgrwG5g=","2019-8"
"cartoonYu","Y3Vyc29yOnYyOpIAzgrwJig=","2019-8"
"CodingJun","Y3Vyc29yOnYyOpIAzgrwL9Y=","2019-8"
"JavaSnail","Y3Vyc29yOnYyOpIAzgrwM58=","2019-8"
"mshow7321","Y3Vyc29yOnYyOpIAzgrwSkw=","2019-8"
"SmallMoodLP","Y3Vyc29yOnYyOpIAzgrwXhI=","2019-8"
"nengdou","Y3Vyc29yOnYyOpIAzgrwX_A=","2019-8"
"benben-miao","Y3Vyc29yOnYyOpIAzgrwbKQ=","2019-8"
"Center-Sept","Y3Vyc29yOnYyOpIAzgrwcM8=","2019-8"
"githubtingou","Y3Vyc29yOnYyOpIAzgrwcNE=","2019-8"
"Pozhe","Y3Vyc29yOnYyOpIAzgrwnJQ=","2019-8"
"yangzhuang97","Y3Vyc29yOnYyOpIAzgrxGWM=","2019-8"
"shenwengit","Y3Vyc29yOnYyOpIAzgrxGfU=","2019-8"
"SogaYo","Y3Vyc29yOnYyOpIAzgrxLcQ=","2019-8"
"takwas","Y3Vyc29yOnYyOpIAzgrxRAc=","2019-8"
"ReactorGY","Y3Vyc29yOnYyOpIAzgrxXyU=","2019-8"
"xterikatx","Y3Vyc29yOnYyOpIAzgrxciU=","2019-8"
"ChafikHadjAbdouRazack","Y3Vyc29yOnYyOpIAzgrxqzY=","2019-8"
"zwhenry","Y3Vyc29yOnYyOpIAzgrxvB4=","2019-8"
"samgohel","Y3Vyc29yOnYyOpIAzgrxwa4=","2019-8"
"jianshen205","Y3Vyc29yOnYyOpIAzgrxxHo=","2019-8"
"huangzhangmingGit","Y3Vyc29yOnYyOpIAzgrxyPM=","2019-8"
"liuen2010","Y3Vyc29yOnYyOpIAzgrxy0I=","2019-8"
"nowto","Y3Vyc29yOnYyOpIAzgrxy3A=","2019-8"
"CpgQ","Y3Vyc29yOnYyOpIAzgrx0Ns=","2019-8"
"jiang-j","Y3Vyc29yOnYyOpIAzgrx31k=","2019-8"
"liaohuabiao","Y3Vyc29yOnYyOpIAzgrx5to=","2019-8"
"amilamen","Y3Vyc29yOnYyOpIAzgrx5xM=","2019-8"
"bltccccz","Y3Vyc29yOnYyOpIAzgrx6Bk=","2019-8"
"paddington520","Y3Vyc29yOnYyOpIAzgrx8QU=","2019-8"
"1ghosts","Y3Vyc29yOnYyOpIAzgrx-L4=","2019-8"
"dongleo","Y3Vyc29yOnYyOpIAzgryHIE=","2019-8"
